Rk,Player,Nation,Pos,Squad,Age,Born,MP,Starts,Min,90s,Gls,Ast,G-PK,PK,PKatt,CrdY,CrdR,Gls,Ast,G+A,G-PK,G+A-PK,xG,npxG,xA,npxG+xA,xG,xA,xG+xA,npxG,npxG+xA,Matches,slug,code
1,Max Aarons,eng ENG,DF,Norwich City,21-248,2000,3,3,270,3.0,0,0,0,0,0,0,0,0.00,0.00,0.00,0.00,0.00,0.0,0.0,0.3,0.4,0.01,0.11,0.13,0.01,0.13,Matches,Max-Aarons,774cf58b
2,Che Adams,sct SCO,FW,Southampton,25-058,1996,3,3,250,2.8,0,1,0,0,0,0,0,0.00,0.36,0.36,0.00,0.36,0.3,0.3,0.9,1.2,0.13,0.32,0.45,0.13,0.45,Matches,Che-Adams,f2bf1b0f
3,Rayan Aït Nouri,fr FRA,FW,Wolves,20-095,2001,1,0,7,0.1,0,0,0,0,0,0,0,0.00,0.00,0.00,0.00,0.00,0.0,0.0,0.0,0.0,0.35,0.00,0.35,0.35,0.35,Matches,Rayan-Ait-Nouri,9b398aea
4,Kristoffer Ajer,no NOR,DF,Brentford,23-145,1998,3,3,250,2.8,0,0,0,0,0,0,0,0.00,0.00,0.00,0.00,0.00,0.1,0.1,0.3,0.4,0.03,0.10,0.13,0.03,0.13,Matches,Kristoffer-Ajer,a8c0acb7
5,Nathan Aké,nl NED,DF,Manchester City,26-203,1995,1,1,90,1.0,0,0,0,0,0,0,0,0.00,0.00,0.00,0.00,0.00,0.2,0.2,0.0,0.2,0.20,0.00,0.20,0.20,0.20,Matches,Nathan-Ake,eaeca114
6,Marc Albrighton,eng ENG,MF,Leicester City,31-295,1989,1,1,90,1.0,1,0,1,0,0,1,0,1.00,0.00,1.00,1.00,1.00,0.0,0.0,0.0,0.0,0.04,0.00,0.04,0.04,0.04,Matches,Marc-Albrighton,b827d5b3
7,Thiago Alcántara,es ESP,MF,Liverpool,30-151,1991,2,0,27,0.3,0,0,0,0,0,0,0,0.00,0.00,0.00,0.00,0.00,0.0,0.0,0.0,0.1,0.14,0.13,0.26,0.14,0.26,Matches,Thiago-Alcantara,77e84962
8,Trent Alexander-Arnold,eng ENG,DF,Liverpool,22-337,1998,3,3,270,3.0,0,1,0,0,0,0,0,0.00,0.33,0.33,0.00,0.33,0.2,0.2,1.8,2.0,0.06,0.60,0.67,0.06,0.67,Matches,Trent-Alexander-Arnold,cd1acf9d
9,Alisson,br BRA,GK,Liverpool,28-342,1992,3,3,270,3.0,0,0,0,0,0,0,0,0.00,0.00,0.00,0.00,0.00,0.0,0.0,0.0,0.0,0.00,0.00,0.00,0.00,0.00,Matches,Alisson,7a2e46a8
10,Allan,br BRA,MF,Everton,30-244,1991,3,3,270,3.0,0,1,0,0,0,0,0,0.00,0.33,0.33,0.00,0.33,0.0,0.0,0.2,0.3,0.01,0.08,0.09,0.01,0.09,Matches,Allan,cc700722
11,Dele Alli,eng ENG,MF,Tottenham,25-151,1996,3,3,270,3.0,1,0,0,1,1,1,0,0.33,0.00,0.33,0.00,0.00,1.0,0.3,0.0,0.3,0.34,0.00,0.34,0.09,0.09,Matches,Dele-Alli,cea4ee8f
12,Miguel Almirón,py PAR,MF,Newcastle Utd,27-211,1994,3,3,270,3.0,0,0,0,0,0,0,0,0.00,0.00,0.00,0.00,0.00,0.1,0.1,0.1,0.2,0.03,0.04,0.07,0.03,0.07,Matches,Miguel-Almiron,862a1c15
13,Marcos Alonso,es ESP,DF,Chelsea,30-255,1990,3,3,265,2.9,1,0,1,0,0,0,0,0.34,0.00,0.34,0.34,0.34,0.1,0.1,0.6,0.7,0.04,0.21,0.25,0.04,0.25,Matches,Marcos-Alonso,f4290206
14,Steven Alzate,co COL,MF,Brighton,23-001,1998,1,1,71,0.8,0,0,0,0,0,0,0,0.00,0.00,0.00,0.00,0.00,0.0,0.0,0.1,0.1,0.00,0.17,0.17,0.00,0.17,Matches,Steven-Alzate,ad1f61f3
15,Daniel Amartey,gh GHA,DF,Leicester City,26-262,1994,3,3,270,3.0,0,0,0,0,0,0,0,0.00,0.00,0.00,0.00,0.00,0.0,0.0,0.0,0.0,0.00,0.01,0.01,0.00,0.01,Matches,Daniel-Amartey,1a4ef233
16,Joachim Andersen,dk DEN,DF,Crystal Palace,25-101,1996,3,2,214,2.4,0,0,0,0,0,1,0,0.00,0.00,0.00,0.00,0.00,0.0,0.0,0.1,0.2,0.02,0.06,0.08,0.02,0.08,Matches,Joachim-Andersen,e34fc66d
17,Michail Antonio,jm JAM,FW,West Ham,31-165,1990,3,3,267,3.0,4,3,4,0,1,0,0,1.35,1.01,2.36,1.35,2.36,2.5,2.2,1.2,3.4,0.84,0.40,1.24,0.75,1.15,Matches,Michail-Antonio,ac05f970
18,Adam Armstrong,eng ENG,FW,Southampton,24-211,1997,3,3,270,3.0,1,0,1,0,0,0,0,0.33,0.00,0.33,0.33,0.33,1.1,1.1,0.4,1.5,0.37,0.15,0.52,0.37,0.52,Matches,Adam-Armstrong,68c720b5
19,Pierre-Emerick Aubameyang,ga GAB,FW,Arsenal,32-083,1989,2,1,88,1.0,0,0,0,0,0,0,0,0.00,0.00,0.00,0.00,0.00,0.0,0.0,0.0,0.0,0.04,0.00,0.04,0.04,0.04,Matches,Pierre-Emerick-Aubameyang,d5dd5f1f
20,Jordan Ayew,gh GHA,"FW,MF",Crystal Palace,29-363,1991,3,2,203,2.3,0,0,0,0,0,0,0,0.00,0.00,0.00,0.00,0.00,0.1,0.1,0.2,0.3,0.04,0.07,0.11,0.04,0.11,Matches,Jordan-Ayew,da052c14
21,Luke Ayling,eng ENG,DF,Leeds United,30-015,1991,3,3,270,3.0,1,0,1,0,0,0,0,0.33,0.00,0.33,0.33,0.33,0.1,0.1,0.0,0.1,0.03,0.01,0.04,0.03,0.04,Matches,Luke-Ayling,420d7c7d
22,César Azpilicueta,es ESP,DF,Chelsea,32-012,1989,3,3,246,2.7,0,0,0,0,0,0,0,0.00,0.00,0.00,0.00,0.00,0.0,0.0,0.0,0.0,0.01,0.00,0.01,0.01,0.01,Matches,Cesar-Azpilicueta,53cad200
23,Daniel Bachmann,at AUT,GK,Watford,27-062,1994,3,3,270,3.0,0,0,0,0,0,0,0,0.00,0.00,0.00,0.00,0.00,0.0,0.0,0.0,0.0,0.00,0.00,0.00,0.00,0.00,Matches,Daniel-Bachmann,1c0eea98
24,Leon Bailey,jm JAM,"MF,FW",Aston Villa,24-031,1997,1,0,31,0.3,0,1,0,0,0,0,0,0.00,2.90,2.90,0.00,2.90,0.1,0.1,0.1,0.1,0.20,0.15,0.35,0.20,0.35,Matches,Leon-Bailey,3a233281
25,Folarin Balogun,eng ENG,FW,Arsenal,20-068,2001,2,1,70,0.8,0,0,0,0,0,0,0,0.00,0.00,0.00,0.00,0.00,0.3,0.3,0.0,0.3,0.36,0.00,0.36,0.36,0.36,Matches,Folarin-Balogun,31822f8c
26,Patrick Bamford,eng ENG,FW,Leeds United,28-004,1993,3,3,256,2.8,1,1,1,0,0,1,0,0.35,0.35,0.70,0.35,0.70,1.7,1.7,0.5,2.2,0.60,0.18,0.78,0.60,0.78,Matches,Patrick-Bamford,93feac6e
27,Shandon Baptiste,gd GRN,MF,Brentford,23-154,1998,1,0,2,0.0,0,0,0,0,0,0,0,0.00,0.00,0.00,0.00,0.00,0.0,0.0,0.0,0.0,0.00,0.00,0.00,0.00,0.00,Matches,Shandon-Baptiste,2886c9b5
28,Ashley Barnes,eng ENG,FW,Burnley,31-314,1989,3,2,189,2.1,0,0,0,0,0,1,0,0.00,0.00,0.00,0.00,0.00,0.3,0.3,0.4,0.8,0.16,0.21,0.37,0.16,0.37,Matches,Ashley-Barnes,2691c772
29,Harvey Barnes,eng ENG,"FW,MF",Leicester City,23-274,1997,3,3,200,2.2,0,0,0,0,0,0,0,0.00,0.00,0.00,0.00,0.00,0.3,0.3,0.0,0.3,0.11,0.01,0.12,0.11,0.12,Matches,Harvey-Barnes,3ea50f67
30,Mads Bech Sørensen,dk DEN,DF,Brentford,22-245,1999,1,0,20,0.2,0,0,0,0,0,0,0,0.00,0.00,0.00,0.00,0.00,0.0,0.0,0.0,0.0,0.00,0.00,0.00,0.00,0.00,Matches,Mads-Bech-Sorensen,30db8574
31,Jan Bednarek,pl POL,"DF,MF",Southampton,25-150,1996,1,0,45,0.5,0,0,0,0,0,0,0,0.00,0.00,0.00,0.00,0.00,0.0,0.0,0.0,0.0,0.00,0.00,0.00,0.00,0.00,Matches,Jan-Bednarek,4115ce4e
32,Saïd Benrahma,dz ALG,"FW,MF",West Ham,26-030,1995,3,3,264,2.9,2,2,2,0,0,0,0,0.68,0.68,1.36,0.68,1.36,1.0,1.0,0.4,1.5,0.35,0.15,0.50,0.35,0.50,Matches,Said-Benrahma,5a04fd92
33,Christian Benteke,be BEL,FW,Crystal Palace,30-280,1990,3,2,214,2.4,0,1,0,0,0,1,0,0.00,0.42,0.42,0.00,0.42,0.2,0.2,0.2,0.4,0.09,0.08,0.17,0.09,0.17,Matches,Christian-Benteke,ab070c55
34,Jóhann Berg Guðmundsson,is ISL,MF,Burnley,30-317,1990,3,3,230,2.6,0,0,0,0,0,1,0,0.00,0.00,0.00,0.00,0.00,0.4,0.4,0.0,0.4,0.15,0.01,0.16,0.15,0.16,Matches,Johann-Berg-Gudmundsson,f72293fc
35,Steven Bergwijn,nl NED,FW,Tottenham,23-336,1997,3,3,232,2.6,0,1,0,0,0,0,0,0.00,0.39,0.39,0.00,0.39,0.8,0.8,0.4,1.2,0.30,0.16,0.46,0.30,0.46,Matches,Steven-Bergwijn,a29b1131
36,Mads Bidstrup,dk DEN,MF,Brentford,20-196,2001,2,0,15,0.2,0,0,0,0,0,0,0,0.00,0.00,0.00,0.00,0.00,0.0,0.0,0.0,0.0,0.00,0.00,0.00,0.00,0.00,Matches,Mads-Bidstrup,407db0d5
37,Yves Bissouma,ml MLI,MF,Brighton,25-010,1996,3,3,270,3.0,0,1,0,0,0,1,0,0.00,0.33,0.33,0.00,0.33,0.1,0.1,0.4,0.4,0.02,0.12,0.14,0.02,0.14,Matches,Yves-Bissouma,6c203af0
38,Jarrod Bowen,eng ENG,FW,West Ham,24-263,1996,3,3,257,2.9,0,0,0,0,0,0,0,0.00,0.00,0.00,0.00,0.00,0.5,0.5,0.8,1.3,0.18,0.27,0.45,0.18,0.45,Matches,Jarrod-Bowen,79c84d1c
39,Armando Broja,al ALB,FW,Southampton,19-364,2001,1,0,20,0.2,0,0,0,0,0,0,0,0.00,0.00,0.00,0.00,0.00,0.0,0.0,0.0,0.0,0.00,0.00,0.00,0.00,0.00,Matches,Armando-Broja,97220da2
40,Josh Brownhill,eng ENG,MF,Burnley,25-264,1995,3,2,192,2.1,0,0,0,0,0,1,0,0.00,0.00,0.00,0.00,0.00,0.1,0.1,0.1,0.1,0.03,0.03,0.06,0.03,0.06,Matches,Josh-Brownhill,47369df8
41,Bryan,es ESP,FW,Tottenham,20-210,2001,1,0,3,0.0,0,0,0,0,0,0,0,0.00,0.00,0.00,0.00,0.00,0.0,0.0,0.0,0.0,0.00,0.00,0.00,0.00,0.00,Matches,Bryan,7b5ab7f2
42,Emi Buendía,ar ARG,"MF,FW",Aston Villa,24-258,1996,3,3,246,2.7,1,0,1,0,0,1,0,0.37,0.00,0.37,0.37,0.37,0.1,0.1,0.2,0.3,0.05,0.06,0.11,0.05,0.11,Matches,Emi-Buendia,66b76d44
43,Dominic Calvert-Lewin,eng ENG,FW,Everton,24-177,1997,3,3,248,2.8,3,0,1,2,2,0,0,1.09,0.00,1.09,0.36,0.36,3.8,2.3,0.1,2.4,1.39,0.05,1.44,0.83,0.89,Matches,Dominic-Calvert-Lewin,59e6e5bf
44,João Cancelo,pt POR,DF,Manchester City,27-105,1994,3,3,270,3.0,0,0,0,0,0,0,0,0.00,0.00,0.00,0.00,0.00,0.6,0.6,0.6,1.3,0.21,0.20,0.42,0.21,0.42,Matches,Joao-Cancelo,bd6351cd
45,Sergi Canós,es ESP,DF,Brentford,24-219,1997,3,3,270,3.0,1,0,1,0,0,0,0,0.33,0.00,0.33,0.33,0.33,0.3,0.3,0.3,0.6,0.10,0.11,0.21,0.10,0.21,Matches,Sergi-Canos,1137759d
46,Todd Cantwell,eng ENG,"FW,MF",Norwich City,23-194,1998,3,3,265,2.9,0,0,0,0,0,2,0,0.00,0.00,0.00,0.00,0.00,0.1,0.1,0.2,0.3,0.05,0.07,0.11,0.05,0.11,Matches,Todd-Cantwell,f63d8a4b
47,Matty Cash,eng ENG,DF,Aston Villa,24-033,1997,3,3,270,3.0,0,0,0,0,0,1,0,0.00,0.00,0.00,0.00,0.00,0.0,0.0,0.0,0.0,0.01,0.00,0.01,0.01,0.01,Matches,Matty-Cash,2389cdc2
48,Timothy Castagne,be BEL,DF,Leicester City,25-278,1995,1,0,80,0.9,0,0,0,0,0,0,0,0.00,0.00,0.00,0.00,0.00,0.0,0.0,0.0,0.0,0.00,0.00,0.00,0.00,0.00,Matches,Timothy-Castagne,197640fd
49,Craig Cathcart,nir NIR,DF,Watford,32-215,1989,3,3,204,2.3,0,0,0,0,0,0,0,0.00,0.00,0.00,0.00,0.00,0.0,0.0,0.0,0.0,0.00,0.00,0.00,0.00,0.00,Matches,Craig-Cathcart,89e4b358
50,Edinson Cavani,uy URU,FW,Manchester Utd,34-207,1987,1,0,38,0.4,0,0,0,0,0,0,0,0.00,0.00,0.00,0.00,0.00,0.0,0.0,0.0,0.0,0.00,0.00,0.00,0.00,0.00,Matches,Edinson-Cavani,527f063d
51,Trevoh Chalobah,eng ENG,DF,Chelsea,22-066,1999,2,1,94,1.0,1,0,1,0,0,0,0,0.96,0.00,0.96,0.96,0.96,0.0,0.0,0.0,0.0,0.04,0.00,0.04,0.04,0.04,Matches,Trevoh-Chalobah,5515376c
52,Calum Chambers,eng ENG,DF,Arsenal,26-232,1995,2,2,170,1.9,0,0,0,0,0,0,0,0.00,0.00,0.00,0.00,0.00,0.1,0.1,0.1,0.1,0.05,0.03,0.07,0.05,0.07,Matches,Calum-Chambers,dc6f5bdd
53,Andreas Christensen,dk DEN,DF,Chelsea,25-152,1996,3,3,270,3.0,0,0,0,0,0,0,0,0.00,0.00,0.00,0.00,0.00,0.0,0.0,0.0,0.0,0.00,0.00,0.00,0.00,0.00,Matches,Andreas-Christensen,1cb49278
54,Carney Chukwuemeka,eng ENG,MF,Aston Villa,17-245,2004,1,1,62,0.7,0,0,0,0,0,0,0,0.00,0.00,0.00,0.00,0.00,0.0,0.0,0.0,0.0,0.00,0.00,0.00,0.00,0.00,Matches,Carney-Chukwuemeka,b2f9c73e
55,Ciaran Clark,ie IRL,DF,Newcastle Utd,31-348,1989,1,1,90,1.0,0,0,0,0,0,0,0,0.00,0.00,0.00,0.00,0.00,0.3,0.3,0.0,0.4,0.33,0.03,0.36,0.33,0.36,Matches,Ciaran-Clark,2b91cf8e
56,Tom Cleverley,eng ENG,MF,Watford,32-028,1989,3,2,188,2.1,0,1,0,0,0,0,0,0.00,0.48,0.48,0.00,0.48,0.2,0.2,0.0,0.2,0.07,0.02,0.09,0.07,0.09,Matches,Tom-Cleverley,6cdd8245
57,Conor Coady,eng ENG,DF,Wolves,28-196,1993,3,3,266,3.0,0,0,0,0,0,0,0,0.00,0.00,0.00,0.00,0.00,0.0,0.0,0.0,0.0,0.01,0.00,0.01,0.01,0.01,Matches,Conor-Coady,2928dca2
58,Séamus Coleman,ie IRL,DF,Everton,32-333,1988,3,3,270,3.0,0,0,0,0,0,1,0,0.00,0.00,0.00,0.00,0.00,0.0,0.0,0.1,0.2,0.01,0.05,0.06,0.01,0.06,Matches,Seamus-Coleman,0420d84f
59,Aaron Connolly,ie IRL,FW,Brighton,21-224,2000,1,0,45,0.5,0,0,0,0,0,0,0,0.00,0.00,0.00,0.00,0.00,0.4,0.4,0.0,0.4,0.85,0.00,0.85,0.85,0.85,Matches,Aaron-Connolly,27c01749
60,Liam Cooper,sct SCO,DF,Leeds United,30-010,1991,3,3,270,3.0,0,1,0,0,0,2,0,0.00,0.33,0.33,0.00,0.33,0.1,0.1,0.0,0.1,0.02,0.02,0.04,0.02,0.04,Matches,Liam-Cooper,dc64b8b3
61,Jack Cork,eng ENG,MF,Burnley,32-076,1989,2,2,174,1.9,0,0,0,0,0,0,0,0.00,0.00,0.00,0.00,0.00,0.1,0.1,0.0,0.1,0.05,0.00,0.05,0.05,0.05,Matches,Jack-Cork,74e12f1e
62,Hélder Costa,pt POR,MF,Leeds United,27-240,1994,1,0,22,0.2,0,0,0,0,0,0,0,0.00,0.00,0.00,0.00,0.00,0.0,0.0,0.0,0.0,0.11,0.00,0.11,0.11,0.11,Matches,Helder-Costa,f13d02a6
63,Vladimír Coufal,cz CZE,DF,West Ham,29-018,1992,3,3,270,3.0,0,1,0,0,0,0,0,0.00,0.33,0.33,0.00,0.33,0.0,0.0,1.3,1.3,0.00,0.43,0.43,0.00,0.43,Matches,Vladimir-Coufal,fdf3cb77
64,Aaron Cresswell,eng ENG,DF,West Ham,31-268,1989,3,3,270,3.0,1,0,1,0,0,0,0,0.33,0.00,0.33,0.33,0.33,0.1,0.1,0.1,0.2,0.04,0.03,0.07,0.04,0.07,Matches,Aaron-Cresswell,4f974391
65,Cucho,co COL,"FW,MF",Watford,22-142,1999,3,0,96,1.1,1,0,1,0,0,0,0,0.94,0.00,0.94,0.94,0.94,0.1,0.1,0.0,0.1,0.10,0.00,0.10,0.10,0.10,Matches,Cucho,71b47ab9
66,Patson Daka,zm ZAM,"MF,FW",Leicester City,22-335,1998,1,0,27,0.3,0,0,0,0,0,0,0,0.00,0.00,0.00,0.00,0.00,0.0,0.0,0.0,0.0,0.00,0.00,0.00,0.00,0.00,Matches,Patson-Daka,ca45605e
67,Stuart Dallas,nir NIR,"DF,MF",Leeds United,30-143,1991,3,3,270,3.0,0,1,0,0,0,0,0,0.00,0.33,0.33,0.00,0.33,0.0,0.0,0.2,0.2,0.01,0.05,0.06,0.01,0.06,Matches,Stuart-Dallas,67ca8566
68,Diogo Dalot,pt POR,FW,Manchester Utd,22-175,1999,1,0,1,0.0,0,0,0,0,0,1,0,0.00,0.00,0.00,0.00,0.00,0.0,0.0,0.0,0.0,0.00,0.00,0.00,0.00,0.00,Matches,Diogo-Dalot,d9565625
69,Craig Dawson,eng ENG,DF,West Ham,31-126,1990,3,3,270,3.0,0,0,0,0,0,0,0,0.00,0.00,0.00,0.00,0.00,0.5,0.5,0.0,0.5,0.15,0.02,0.17,0.15,0.17,Matches,Craig-Dawson,3e9e06cb
70,Kevin De Bruyne,be BEL,MF,Manchester City,30-073,1991,1,0,12,0.1,0,0,0,0,0,0,0,0.00,0.00,0.00,0.00,0.00,0.0,0.0,0.0,0.1,0.24,0.14,0.38,0.24,0.38,Matches,Kevin-De-Bruyne,e46012d4
71,Troy Deeney,eng ENG,FW,Watford,33-072,1988,2,0,25,0.3,0,0,0,0,0,0,0,0.00,0.00,0.00,0.00,0.00,0.4,0.4,0.1,0.5,1.45,0.32,1.77,1.45,1.77,Matches,Troy-Deeney,82e34b69
72,Fabian Delph,eng ENG,MF,Everton,31-292,1989,1,0,8,0.1,0,0,0,0,0,0,0,0.00,0.00,0.00,0.00,0.00,0.0,0.0,0.0,0.0,0.00,0.00,0.00,0.00,0.00,Matches,Fabian-Delph,111c3236
73,Leander Dendoncker,be BEL,MF,Wolves,26-147,1995,2,0,44,0.5,0,0,0,0,0,0,0,0.00,0.00,0.00,0.00,0.00,0.1,0.1,0.0,0.1,0.12,0.00,0.12,0.12,0.12,Matches,Leander-Dendoncker,5a7301ae
74,Emmanuel Dennis,ng NGA,"FW,MF",Watford,23-298,1997,3,3,245,2.7,1,1,1,0,0,1,0,0.37,0.37,0.73,0.37,0.73,0.9,0.9,0.3,1.2,0.35,0.09,0.44,0.35,0.44,Matches,Emmanuel-Dennis,2c44a35d
75,Kiernan Dewsbury Hall,eng ENG,MF,Leicester City,23-003,1998,1,0,5,0.1,0,0,0,0,0,0,0,0.00,0.00,0.00,0.00,0.00,0.0,0.0,0.0,0.0,0.00,0.00,0.00,0.00,0.00,Matches,Kiernan-Dewsbury-Hall,5c74c0f5
76,Ibrahima Diallo,fr FRA,MF,Southampton,22-185,1999,3,0,35,0.4,0,0,0,0,0,0,0,0.00,0.00,0.00,0.00,0.00,0.2,0.2,0.0,0.2,0.53,0.00,0.53,0.53,0.53,Matches,Ibrahima-Diallo,11ff3d56
77,Raphael Dias Belloli,br BRA,"MF,FW",Leeds United,24-269,1996,3,3,270,3.0,1,0,1,0,0,1,0,0.33,0.00,0.33,0.33,0.33,1.0,1.0,0.3,1.2,0.32,0.08,0.40,0.32,0.40,Matches,Raphael-Dias-Belloli,3423f250
78,Rúben Dias,pt POR,DF,Manchester City,24-118,1997,3,3,270,3.0,0,1,0,0,0,0,0,0.00,0.33,0.33,0.00,0.33,0.0,0.0,0.7,0.7,0.00,0.25,0.25,0.00,0.25,Matches,Ruben-Dias,31c69ef1
79,Eric Dier,eng ENG,DF,Tottenham,27-237,1994,3,3,270,3.0,0,0,0,0,0,0,0,0.00,0.00,0.00,0.00,0.00,0.1,0.1,0.1,0.2,0.04,0.05,0.08,0.04,0.08,Matches,Eric-Dier,ac861941
80,Lucas Digne,fr FRA,DF,Everton,28-051,1993,3,3,270,3.0,0,0,0,0,0,1,0,0.00,0.00,0.00,0.00,0.00,0.1,0.1,0.3,0.4,0.04,0.09,0.12,0.04,0.12,Matches,Lucas-Digne,1b84dbe1
81,Virgil van Dijk,nl NED,DF,Liverpool,30-063,1991,3,3,270,3.0,0,0,0,0,0,0,0,0.00,0.00,0.00,0.00,0.00,0.7,0.7,0.0,0.7,0.23,0.01,0.25,0.23,0.25,Matches,Virgil-van-Dijk,e06683ca
82,Moussa Djenepo,ml MLI,MF,Southampton,23-086,1998,3,3,216,2.4,0,0,0,0,0,2,0,0.00,0.00,0.00,0.00,0.00,1.3,1.3,0.0,1.3,0.54,0.02,0.56,0.54,0.56,Matches,Moussa-Djenepo,254147d4
83,Matt Doherty,ie IRL,DF,Tottenham,29-236,1992,1,0,8,0.1,0,0,0,0,0,0,0,0.00,0.00,0.00,0.00,0.00,0.0,0.0,0.0,0.0,0.00,0.00,0.00,0.00,0.00,Matches,Matt-Doherty,d557d734
84,Abdoulaye Doucouré,fr FRA,MF,Everton,28-251,1993,3,3,270,3.0,1,1,1,0,0,2,0,0.33,0.33,0.67,0.33,0.67,0.4,0.4,0.2,0.6,0.13,0.07,0.20,0.13,0.20,Matches,Abdoulaye-Doucoure,02b29014
85,Kieran Dowell,eng ENG,MF,Norwich City,23-334,1997,1,0,5,0.1,0,0,0,0,0,0,0,0.00,0.00,0.00,0.00,0.00,0.0,0.0,0.1,0.1,0.00,1.37,1.37,0.00,1.37,Matches,Kieran-Dowell,2f6ec02a
86,Shane Duffy,ie IRL,DF,Brighton,29-251,1992,3,3,270,3.0,1,0,1,0,0,1,0,0.33,0.00,0.33,0.33,0.33,0.3,0.3,0.0,0.3,0.08,0.00,0.08,0.08,0.08,Matches,Shane-Duffy,7314bba4
87,Lewis Dunk,eng ENG,DF,Brighton,29-292,1991,3,3,270,3.0,0,0,0,0,0,0,0,0.00,0.00,0.00,0.00,0.00,0.0,0.0,0.0,0.0,0.00,0.00,0.00,0.00,0.00,Matches,Lewis-Dunk,282f75f3
88,Ederson,br BRA,GK,Manchester City,28-023,1993,3,3,270,3.0,0,0,0,0,0,0,0,0.00,0.00,0.00,0.00,0.00,0.0,0.0,0.0,0.0,0.00,0.00,0.00,0.00,0.00,Matches,Ederson,3bb7b8b4
89,Harvey Elliot,eng ENG,MF,Liverpool,18-158,2003,3,2,188,2.1,0,0,0,0,0,0,0,0.00,0.00,0.00,0.00,0.00,0.3,0.3,0.3,0.6,0.14,0.16,0.29,0.14,0.29,Matches,Harvey-Elliot,c8387671
90,Mohamed Elneny,eg EGY,"MF,FW",Arsenal,29-060,1992,1,0,45,0.5,0,0,0,0,0,0,0,0.00,0.00,0.00,0.00,0.00,0.0,0.0,0.0,0.0,0.00,0.00,0.00,0.00,0.00,Matches,Mohamed-Elneny,47a34c4f
91,Mohamed Elyounoussi,no NOR,MF,Southampton,27-036,1994,1,1,90,1.0,1,0,1,0,0,0,0,1.00,0.00,1.00,1.00,1.00,1.0,1.0,0.1,1.1,1.01,0.08,1.09,1.01,1.09,Matches,Mohamed-Elyounoussi,68dc0dac
92,Oghenekaro Etebo,ng NGA,MF,Watford,25-304,1995,3,3,270,3.0,0,0,0,0,0,2,0,0.00,0.00,0.00,0.00,0.00,0.0,0.0,0.1,0.1,0.01,0.02,0.03,0.01,0.03,Matches,Oghenekaro-Etebo,b579e83d
93,Łukasz Fabiański,pl POL,GK,West Ham,36-144,1985,3,3,270,3.0,0,0,0,0,0,0,0,0.00,0.00,0.00,0.00,0.00,0.0,0.0,0.0,0.0,0.00,0.00,0.00,0.00,0.00,Matches,Lukasz-Fabianski,9328b835
94,Fabinho,br BRA,MF,Liverpool,27-321,1993,2,1,120,1.3,0,0,0,0,0,0,0,0.00,0.00,0.00,0.00,0.00,0.1,0.1,0.0,0.1,0.04,0.00,0.04,0.04,0.04,Matches,Fabinho,7f3b388c
95,Bruno Fernandes,pt POR,MF,Manchester Utd,27-001,1994,3,3,270,3.0,3,0,3,0,0,2,0,1.00,0.00,1.00,1.00,1.00,0.9,0.9,0.6,1.5,0.31,0.20,0.51,0.31,0.51,Matches,Bruno-Fernandes,507c7bdf
96,Federico Fernández,ar ARG,DF,Newcastle Utd,32-200,1989,3,3,257,2.9,0,0,0,0,0,0,0,0.00,0.00,0.00,0.00,0.00,0.3,0.3,0.3,0.6,0.10,0.12,0.22,0.10,0.22,Matches,Federico-Fernandez,f25b010f
97,Fernandinho,br BRA,MF,Manchester City,36-128,1985,1,1,90,1.0,0,0,0,0,0,0,0,0.00,0.00,0.00,0.00,0.00,0.2,0.2,0.3,0.5,0.25,0.27,0.51,0.25,0.51,Matches,Fernandinho,101da2b5
98,Roberto Firmino,br BRA,FW,Liverpool,29-342,1991,3,1,82,0.9,1,0,1,0,0,0,0,1.10,0.00,1.10,1.10,1.10,0.8,0.8,0.1,0.9,0.82,0.14,0.96,0.82,0.96,Matches,Roberto-Firmino,4c370d81
99,Junior Firpo,es ESP,DF,Leeds United,25-018,1996,2,1,104,1.2,0,0,0,0,0,0,0,0.00,0.00,0.00,0.00,0.00,0.0,0.0,0.0,0.0,0.00,0.00,0.00,0.00,0.00,Matches,Junior-Firpo,24f59bb2
100,Pablo Fornals,es ESP,"MF,FW",West Ham,25-199,1996,3,3,266,3.0,2,1,2,0,0,0,0,0.68,0.34,1.02,0.68,1.02,0.8,0.8,0.8,1.6,0.27,0.27,0.54,0.27,0.54,Matches,Pablo-Fornals,82927de4
101,Marcus Forss,fi FIN,FW,Brentford,22-083,1999,1,0,5,0.1,0,0,0,0,0,0,0,0.00,0.00,0.00,0.00,0.00,0.0,0.0,0.0,0.0,0.00,0.00,0.00,0.00,0.00,Matches,Marcus-Forss,82c215a0
102,Ryan Fraser,sct SCO,MF,Newcastle Utd,27-197,1994,3,0,29,0.3,0,0,0,0,0,0,0,0.00,0.00,0.00,0.00,0.00,0.3,0.3,0.0,0.3,0.98,0.00,0.98,0.98,0.98,Matches,Ryan-Fraser,d56543a0
103,Fred,br BRA,MF,Manchester Utd,28-188,1993,3,3,255,2.8,1,0,1,0,0,1,0,0.35,0.00,0.35,0.35,0.35,0.2,0.2,0.2,0.3,0.06,0.05,0.12,0.06,0.12,Matches,Fred,b853e0ad
104,Ryan Fredericks,eng ENG,DF,West Ham,28-334,1992,1,0,3,0.0,0,0,0,0,0,0,0,0.00,0.00,0.00,0.00,0.00,0.0,0.0,0.0,0.0,0.00,0.00,0.00,0.00,0.00,Matches,Ryan-Fredericks,c067631c
105,Conor Gallagher,eng ENG,MF,Crystal Palace,21-215,2000,2,2,180,2.0,2,0,2,0,0,0,0,1.00,0.00,1.00,1.00,1.00,0.5,0.5,0.3,0.8,0.25,0.16,0.42,0.25,0.42,Matches,Conor-Gallagher,c2731c10
106,David de Gea,es ESP,GK,Manchester Utd,30-306,1990,3,3,270,3.0,0,0,0,0,0,0,0,0.00,0.00,0.00,0.00,0.00,0.0,0.0,0.0,0.0,0.00,0.00,0.00,0.00,0.00,Matches,David-de-Gea,7ba6d84e
107,Anwar El Ghazi,nl NED,"FW,MF",Aston Villa,26-129,1995,3,3,239,2.7,1,0,0,1,1,1,0,0.38,0.00,0.38,0.00,0.00,0.9,0.1,0.2,0.3,0.32,0.08,0.40,0.04,0.12,Matches,Anwar-El-Ghazi,ffa90327
108,Saman Ghoddos,ir IRN,MF,Brentford,28-003,1993,2,1,86,1.0,0,0,0,0,0,0,0,0.00,0.00,0.00,0.00,0.00,0.1,0.1,0.2,0.3,0.07,0.23,0.30,0.07,0.30,Matches,Saman-Ghoddos,f7b1d4e0
109,Dimitris Giannoulis,gr GRE,DF,Norwich City,25-327,1995,2,2,135,1.5,0,0,0,0,0,0,0,0.00,0.00,0.00,0.00,0.00,0.0,0.0,0.1,0.1,0.02,0.04,0.06,0.02,0.06,Matches,Dimitris-Giannoulis,112c495e
110,Morgan Gibbs-White,eng ENG,"FW,MF",Wolves,21-225,2000,2,0,9,0.1,0,0,0,0,0,1,0,0.00,0.00,0.00,0.00,0.00,0.1,0.1,0.0,0.1,1.22,0.00,1.22,1.22,1.22,Matches,Morgan-Gibbs-White,32f60ed8
111,Ben Gibson,eng ENG,DF,Norwich City,28-237,1993,3,3,270,3.0,0,0,0,0,0,0,0,0.00,0.00,0.00,0.00,0.00,0.5,0.5,0.0,0.5,0.18,0.00,0.18,0.18,0.18,Matches,Ben-Gibson,bcfb0142
112,Billy Gilmour,sct SCO,MF,Norwich City,20-090,2001,3,3,258,2.9,0,0,0,0,0,0,0,0.00,0.00,0.00,0.00,0.00,0.1,0.1,0.0,0.1,0.03,0.00,0.03,0.03,0.03,Matches,Billy-Gilmour,df10e27c
113,André Gomes,pt POR,MF,Everton,28-041,1993,1,0,10,0.1,0,0,0,0,0,0,0,0.00,0.00,0.00,0.00,0.00,0.0,0.0,0.0,0.0,0.26,0.00,0.26,0.26,0.26,Matches,Andre-Gomes,1961b2aa
114,Joe Gomez,eng ENG,DF,Liverpool,24-109,1997,1,0,1,0.0,0,0,0,0,0,0,0,0.00,0.00,0.00,0.00,0.00,0.0,0.0,0.0,0.0,0.00,0.00,0.00,0.00,0.00,Matches,Joe-Gomez,7a11550b
115,Anthony Gordon,eng ENG,MF,Everton,20-197,2001,1,0,2,0.0,0,0,0,0,0,0,0,0.00,0.00,0.00,0.00,0.00,0.0,0.0,0.0,0.0,0.00,0.00,0.00,0.00,0.00,Matches,Anthony-Gordon,2bd83368
116,Dan Gosling,eng ENG,MF,Watford,31-220,1990,1,0,22,0.2,0,0,0,0,0,0,0,0.00,0.00,0.00,0.00,0.00,0.0,0.0,0.0,0.0,0.00,0.00,0.00,0.00,0.00,Matches,Dan-Gosling,7fec31a0
117,Demarai Gray,eng ENG,MF,Everton,25-073,1996,3,3,244,2.7,2,0,2,0,0,0,0,0.74,0.00,0.74,0.74,0.74,0.4,0.4,0.7,1.0,0.14,0.24,0.38,0.14,0.38,Matches,Demarai-Gray,4468ec10
118,Jack Grealish,eng ENG,"FW,MF",Manchester City,25-364,1995,3,3,254,2.8,1,1,1,0,0,1,0,0.35,0.35,0.71,0.35,0.71,1.0,1.0,1.1,2.1,0.37,0.37,0.74,0.37,0.74,Matches,Jack-Grealish,b0b4fd3e
119,Mason Greenwood,eng ENG,FW,Manchester Utd,19-343,2001,3,3,269,3.0,3,0,3,0,0,0,0,1.00,0.00,1.00,1.00,1.00,0.9,0.9,0.4,1.3,0.30,0.14,0.44,0.30,0.44,Matches,Mason-Greenwood,58eee997
120,Pascal Groß,de GER,"DF,MF",Brighton,30-086,1991,3,3,270,3.0,0,2,0,0,0,0,0,0.00,0.67,0.67,0.00,0.67,0.3,0.3,0.7,0.9,0.08,0.22,0.30,0.08,0.30,Matches,Pascal-Gross,8aec0537
121,Vicente Guaita,es ESP,GK,Crystal Palace,34-242,1987,3,3,270,3.0,0,0,0,0,0,0,0,0.00,0.00,0.00,0.00,0.00,0.0,0.0,0.0,0.0,0.00,0.00,0.00,0.00,0.00,Matches,Vicente-Guaita,ab13a5aa
122,Marc Guéhi,eng ENG,DF,Crystal Palace,21-058,2000,3,3,270,3.0,0,0,0,0,0,0,0,0.00,0.00,0.00,0.00,0.00,0.3,0.3,0.0,0.4,0.11,0.02,0.13,0.11,0.13,Matches,Marc-Guehi,d0706b27
123,İlkay Gündoğan,de GER,MF,Manchester City,30-320,1990,3,3,248,2.8,1,0,1,0,0,1,0,0.36,0.00,0.36,0.36,0.36,0.5,0.5,0.7,1.2,0.18,0.27,0.45,0.18,0.45,Matches,Ilkay-Gundogan,819b3158
124,Grant Hanley,sct SCO,DF,Norwich City,29-293,1991,3,3,270,3.0,0,0,0,0,0,0,0,0.00,0.00,0.00,0.00,0.00,0.4,0.4,0.0,0.4,0.12,0.00,0.12,0.12,0.12,Matches,Grant-Hanley,e9254eec
125,Jack Harrison,eng ENG,"MF,FW",Leeds United,24-293,1996,3,3,248,2.8,0,0,0,0,0,0,0,0.00,0.00,0.00,0.00,0.00,0.1,0.1,0.3,0.4,0.05,0.11,0.16,0.05,0.16,Matches,Jack-Harrison,aa849a12
126,Kortney Hause,eng ENG,DF,Aston Villa,26-055,1995,1,0,2,0.0,0,0,0,0,0,0,0,0.00,0.00,0.00,0.00,0.00,0.0,0.0,0.0,0.0,0.00,0.00,0.00,0.00,0.00,Matches,Kortney-Hause,bf8fad51
127,Kai Havertz,de GER,"FW,MF",Chelsea,22-090,1999,3,2,143,1.6,1,0,1,0,0,0,0,0.63,0.00,0.63,0.63,0.63,0.6,0.6,0.0,0.6,0.41,0.00,0.41,0.41,0.41,Matches,Kai-Havertz,fed7cb61
128,Isaac Hayden,eng ENG,MF,Newcastle Utd,26-171,1995,2,2,135,1.5,0,0,0,0,0,1,0,0.00,0.00,0.00,0.00,0.00,0.0,0.0,0.0,0.0,0.02,0.00,0.02,0.02,0.02,Matches,Isaac-Hayden,c951a6df
129,Jordan Henderson,eng ENG,MF,Liverpool,31-084,1990,2,2,163,1.8,0,0,0,0,0,0,0,0.00,0.00,0.00,0.00,0.00,0.3,0.3,0.0,0.4,0.18,0.02,0.20,0.18,0.20,Matches,Jordan-Henderson,935e6b8f
130,Rico Henry,eng ENG,DF,Brentford,24-063,1997,3,3,270,3.0,0,0,0,0,0,0,0,0.00,0.00,0.00,0.00,0.00,0.2,0.2,0.1,0.3,0.07,0.05,0.12,0.07,0.12,Matches,Rico-Henry,8a3c1dc7
131,Son Heung-min,kr KOR,FW,Tottenham,29-063,1992,3,3,248,2.8,2,0,2,0,0,0,0,0.73,0.00,0.73,0.73,0.73,0.6,0.6,0.2,0.8,0.21,0.07,0.28,0.21,0.28,Matches,Son-Heung-min,92e7e919
132,Ki-Jana Hoever,nl NED,DF,Wolves,19-234,2002,1,1,90,1.0,0,0,0,0,0,1,0,0.00,0.00,0.00,0.00,0.00,0.0,0.0,0.0,0.1,0.02,0.04,0.06,0.02,0.06,Matches,Ki-Jana-Hoever,9a71e978
133,Rob Holding,eng ENG,"DF,MF",Arsenal,25-354,1995,2,2,180,2.0,0,0,0,0,0,1,0,0.00,0.00,0.00,0.00,0.00,0.1,0.1,0.0,0.1,0.05,0.00,0.05,0.05,0.05,Matches,Rob-Holding,d79a8c87
134,Mason Holgate,eng ENG,DF,Everton,24-322,1996,2,2,180,2.0,0,0,0,0,0,0,0,0.00,0.00,0.00,0.00,0.00,0.0,0.0,0.0,0.0,0.00,0.00,0.00,0.00,0.00,Matches,Mason-Holgate,d0042ab9
135,Pierre Højbjerg,dk DEN,MF,Tottenham,26-035,1995,3,3,269,3.0,0,0,0,0,0,1,0,0.00,0.00,0.00,0.00,0.00,0.2,0.2,0.1,0.3,0.06,0.03,0.09,0.06,0.09,Matches,Pierre-Hojbjerg,8b04d6c1
136,Adam Idah,ie IRL,FW,Norwich City,20-182,2001,2,0,26,0.3,0,0,0,0,0,0,0,0.00,0.00,0.00,0.00,0.00,0.5,0.5,0.0,0.5,1.84,0.00,1.84,1.84,1.84,Matches,Adam-Idah,291e3ec3
137,Kelechi Iheanacho,ng NGA,"FW,MF",Leicester City,24-341,1996,3,0,53,0.6,0,0,0,0,0,0,0,0.00,0.00,0.00,0.00,0.00,0.1,0.1,0.0,0.1,0.17,0.00,0.17,0.17,0.17,Matches,Kelechi-Iheanacho,c92e1a31
138,Danny Ings,eng ENG,FW,Aston Villa,29-048,1992,3,3,269,3.0,2,1,1,1,1,1,0,0.67,0.33,1.00,0.33,0.67,1.1,0.3,0.1,0.4,0.36,0.04,0.40,0.11,0.14,Matches,Danny-Ings,07802f7f
139,Alex Iwobi,ng NGA,"MF,FW",Everton,25-129,1996,3,1,116,1.3,0,1,0,0,0,0,0,0.00,0.78,0.78,0.00,0.78,0.3,0.3,0.6,0.9,0.22,0.47,0.70,0.22,0.70,Matches,Alex-Iwobi,6ca5ec4b
140,Daniel James,wls WAL,FW,Manchester Utd,23-303,1997,2,2,126,1.4,0,0,0,0,0,0,0,0.00,0.00,0.00,0.00,0.00,0.2,0.2,0.0,0.3,0.17,0.01,0.19,0.17,0.19,Matches,Daniel-James,c931d9f9
141,Reece James,eng ENG,"DF,MF",Chelsea,21-275,1999,3,2,158,1.8,1,2,1,0,0,0,1,0.57,1.14,1.71,0.57,1.71,0.5,0.5,1.1,1.6,0.26,0.65,0.91,0.26,0.91,Matches,Reece-James,1265a93a
142,Vitaly Janelt,de GER,MF,Brentford,23-122,1998,3,3,264,2.9,0,0,0,0,0,1,0,0.00,0.00,0.00,0.00,0.00,0.1,0.1,0.4,0.4,0.02,0.12,0.14,0.02,0.14,Matches,Vitaly-Janelt,8449d35e
143,Pontus Jansson,se SWE,DF,Brentford,30-208,1991,3,3,270,3.0,0,1,0,0,0,0,0,0.00,0.33,0.33,0.00,0.33,0.0,0.0,0.3,0.3,0.00,0.12,0.12,0.00,0.12,Matches,Pontus-Jansson,172e52d8
144,Mathias Jensen,dk DEN,"MF,FW",Brentford,25-251,1996,1,0,11,0.1,0,0,0,0,0,0,0,0.00,0.00,0.00,0.00,0.00,0.0,0.0,0.2,0.2,0.00,1.54,1.54,0.00,1.54,Matches,Mathias-Jensen,0f134faf
145,Gabriel Jesus,br BRA,FW,Manchester City,24-159,1997,3,2,171,1.9,1,3,1,0,0,0,0,0.53,1.58,2.11,0.53,2.11,0.6,0.6,1.3,1.9,0.33,0.68,1.01,0.33,1.01,Matches,Gabriel-Jesus,b66315ae
146,Raúl Jiménez,mx MEX,FW,Wolves,30-127,1991,3,3,270,3.0,0,0,0,0,0,1,0,0.00,0.00,0.00,0.00,0.00,0.7,0.7,0.4,1.1,0.24,0.14,0.38,0.24,0.38,Matches,Raul-Jimenez,b561db50
147,Joelinton,br BRA,FW,Newcastle Utd,25-026,1996,3,0,41,0.5,0,0,0,0,0,0,0,0.00,0.00,0.00,0.00,0.00,0.0,0.0,0.2,0.2,0.05,0.45,0.49,0.05,0.49,Matches,Joelinton,c17bfb65
148,Ben Johnson,eng ENG,FW,West Ham,21-228,2000,1,0,1,0.0,0,0,0,0,0,0,0,0.00,0.00,0.00,0.00,0.00,0.0,0.0,0.0,0.0,0.00,0.00,0.00,0.00,0.00,Matches,Ben-Johnson,9319781b
149,Jorginho,it ITA,MF,Chelsea,29-263,1991,3,3,266,3.0,0,0,0,0,0,0,0,0.00,0.00,0.00,0.00,0.00,0.0,0.0,0.1,0.1,0.00,0.03,0.03,0.00,0.03,Matches,Jorginho,45db685d
150,Diogo Jota,pt POR,FW,Liverpool,24-279,1996,3,2,188,2.1,2,0,2,0,0,0,0,0.96,0.00,0.96,0.96,0.96,1.2,1.2,0.1,1.3,0.56,0.07,0.63,0.56,0.63,Matches,Diogo-Jota,178ae8f8
151,Christian Kabasele,be BEL,DF,Watford,30-197,1991,2,2,180,2.0,0,0,0,0,0,0,0,0.00,0.00,0.00,0.00,0.00,0.2,0.2,0.0,0.2,0.11,0.00,0.11,0.11,0.11,Matches,Christian-Kabasele,914ab9a1
152,Harry Kane,eng ENG,FW,Tottenham,28-043,1993,2,1,109,1.2,0,0,0,0,0,2,0,0.00,0.00,0.00,0.00,0.00,0.4,0.4,0.4,0.8,0.33,0.34,0.67,0.33,0.67,Matches,Harry-Kane,21a66f6a
153,N'Golo Kanté,fr FRA,MF,Chelsea,30-164,1991,2,1,64,0.7,0,0,0,0,0,0,0,0.00,0.00,0.00,0.00,0.00,0.0,0.0,0.1,0.1,0.00,0.08,0.08,0.00,0.08,Matches,NGolo-Kante,b9fbae28
154,Moise Kean,it ITA,FW,Everton,21-193,2000,1,0,1,0.0,0,0,0,0,0,0,0,0.00,0.00,0.00,0.00,0.00,0.0,0.0,0.0,0.0,0.00,0.00,0.00,0.00,0.00,Matches,Moise-Kean,3d50bcdb
155,Michael Keane,eng ENG,DF,Everton,28-241,1993,3,3,270,3.0,0,0,0,0,0,0,0,0.00,0.00,0.00,0.00,0.00,0.2,0.2,0.0,0.2,0.06,0.00,0.06,0.06,0.06,Matches,Michael-Keane,c5b7c315
156,Naby Keïta,gn GUI,MF,Liverpool,26-211,1995,2,2,162,1.8,0,0,0,0,0,0,0,0.00,0.00,0.00,0.00,0.00,0.0,0.0,0.2,0.2,0.01,0.10,0.11,0.01,0.11,Matches,Naby-Keita,f25c8e3a
157,Max Kilman,eng ENG,DF,Wolves,24-109,1997,3,3,269,3.0,0,0,0,0,0,0,0,0.00,0.00,0.00,0.00,0.00,0.1,0.1,0.0,0.1,0.04,0.00,0.04,0.04,0.04,Matches,Max-Kilman,d0f72bf1
158,Joshua King,no NOR,"FW,MF",Watford,29-237,1992,2,1,90,1.0,0,0,0,0,0,0,0,0.00,0.00,0.00,0.00,0.00,0.0,0.0,0.4,0.4,0.00,0.40,0.40,0.00,0.40,Matches,Joshua-King,43458538
159,Mateusz Klich,pl POL,MF,Leeds United,31-088,1990,2,2,149,1.7,1,0,1,0,0,0,0,0.60,0.00,0.60,0.60,0.60,0.5,0.5,0.1,0.6,0.32,0.06,0.38,0.32,0.38,Matches,Mateusz-Klich,282679b4
160,Robin Koch,de GER,MF,Leeds United,25-054,1996,1,1,90,1.0,0,0,0,0,0,0,0,0.00,0.00,0.00,0.00,0.00,0.0,0.0,0.0,0.0,0.00,0.00,0.00,0.00,0.00,Matches,Robin-Koch,ea6bc03a
161,Sead Kolašinac,ba BIH,DF,Arsenal,28-081,1993,1,1,90,1.0,0,0,0,0,0,1,0,0.00,0.00,0.00,0.00,0.00,0.0,0.0,0.0,0.0,0.00,0.00,0.00,0.00,0.00,Matches,Sead-Kolasinac,3935e52e
162,Ezri Konsa,eng ENG,DF,Aston Villa,23-321,1997,3,3,268,3.0,0,0,0,0,0,0,0,0.00,0.00,0.00,0.00,0.00,0.2,0.2,0.2,0.3,0.06,0.05,0.12,0.06,0.12,Matches,Ezri-Konsa,0313a347
163,Cheikhou Kouyaté,sn SEN,"MF,DF",Crystal Palace,31-262,1989,3,3,270,3.0,0,0,0,0,0,0,0,0.00,0.00,0.00,0.00,0.00,0.0,0.0,0.0,0.0,0.00,0.00,0.00,0.00,0.00,Matches,Cheikhou-Kouyate,8d3c902d
164,Mateo Kovačić,hr CRO,MF,Chelsea,27-126,1994,3,2,206,2.3,0,1,0,0,0,0,0,0.00,0.44,0.44,0.00,0.44,0.3,0.3,0.1,0.4,0.11,0.05,0.17,0.11,0.17,Matches,Mateo-Kovacic,79c0821a
165,Emil Krafth,se SWE,DF,Newcastle Utd,27-038,1994,1,1,83,0.9,0,0,0,0,0,0,0,0.00,0.00,0.00,0.00,0.00,0.1,0.1,0.0,0.1,0.07,0.00,0.07,0.07,0.07,Matches,Emil-Krafth,77cf6852
166,Tim Krul,nl NED,GK,Norwich City,33-159,1988,3,3,270,3.0,0,0,0,0,0,0,0,0.00,0.00,0.00,0.00,0.00,0.0,0.0,0.0,0.0,0.00,0.00,0.00,0.00,0.00,Matches,Tim-Krul,f23f9d20
167,Juraj Kucka,sk SVK,MF,Watford,34-195,1987,2,2,158,1.8,0,0,0,0,0,1,0,0.00,0.00,0.00,0.00,0.00,0.3,0.3,0.0,0.3,0.17,0.03,0.20,0.17,0.20,Matches,Juraj-Kucka,5aaef9ef
168,Alexandre Lacazette,fr FRA,FW,Arsenal,30-104,1991,1,0,32,0.4,0,0,0,0,0,0,0,0.00,0.00,0.00,0.00,0.00,0.0,0.0,0.0,0.0,0.00,0.00,0.00,0.00,0.00,Matches,Alexandre-Lacazette,9dbb75ca
169,Adam Lallana,eng ENG,MF,Brighton,33-122,1988,3,2,182,2.0,0,0,0,0,0,0,0,0.00,0.00,0.00,0.00,0.00,0.0,0.0,0.0,0.0,0.00,0.00,0.00,0.00,0.00,Matches,Adam-Lallana,99813635
170,Manuel Lanzini,ar ARG,FW,West Ham,28-206,1993,1,0,12,0.1,0,0,0,0,0,0,0,0.00,0.00,0.00,0.00,0.00,0.0,0.0,0.0,0.0,0.00,0.00,0.00,0.00,0.00,Matches,Manuel-Lanzini,26f6dca8
171,Aymeric Laporte,es ESP,DF,Manchester City,27-105,1994,2,2,180,2.0,1,0,1,0,0,0,0,0.50,0.00,0.50,0.50,0.50,0.6,0.6,0.0,0.7,0.32,0.01,0.34,0.32,0.34,Matches,Aymeric-Laporte,119b9a8e
172,Jamaal Lascelles,eng ENG,DF,Newcastle Utd,27-302,1993,2,2,180,2.0,0,0,0,0,0,1,0,0.00,0.00,0.00,0.00,0.00,0.1,0.1,0.0,0.1,0.03,0.00,0.03,0.03,0.03,Matches,Jamaal-Lascelles,450ab6fc
173,Pierre Lees-Melou,fr FRA,MF,Norwich City,28-107,1993,3,3,252,2.8,0,0,0,0,0,1,0,0.00,0.00,0.00,0.00,0.00,0.2,0.2,0.6,0.8,0.06,0.22,0.28,0.06,0.28,Matches,Pierre-Lees-Melou,f5044e54
174,Aaron Lennon,eng ENG,MF,Burnley,34-146,1987,1,0,28,0.3,0,0,0,0,0,1,0,0.00,0.00,0.00,0.00,0.00,0.0,0.0,0.0,0.0,0.00,0.00,0.00,0.00,0.00,Matches,Aaron-Lennon,2ff964a0
175,Bernd Leno,de GER,GK,Arsenal,29-189,1992,3,3,270,3.0,0,0,0,0,0,0,0,0.00,0.00,0.00,0.00,0.00,0.0,0.0,0.0,0.0,0.00,0.00,0.00,0.00,0.00,Matches,Bernd-Leno,2628fd2b
176,Victor Lindelöf,se SWE,DF,Manchester Utd,27-054,1994,2,2,180,2.0,0,1,0,0,0,0,0,0.00,0.50,0.50,0.00,0.50,0.0,0.0,0.2,0.2,0.00,0.11,0.11,0.00,0.11,Matches,Victor-Lindelof,f5deef4c
177,Jesse Lingard,eng ENG,FW,Manchester Utd,28-268,1992,1,0,5,0.1,0,0,0,0,0,0,0,0.00,0.00,0.00,0.00,0.00,0.0,0.0,0.0,0.0,0.00,0.00,0.00,0.00,0.00,Matches,Jesse-Lingard,810e3c74
178,Valentino Livramento,eng ENG,"DF,MF",Southampton,18-301,2002,3,3,270,3.0,0,0,0,0,0,0,0,0.00,0.00,0.00,0.00,0.00,0.0,0.0,0.9,0.9,0.01,0.30,0.31,0.01,0.31,Matches,Valentino-Livramento,afed6722
179,Diego Llorente,es ESP,DF,Leeds United,28-024,1993,1,1,64,0.7,0,0,0,0,0,0,0,0.00,0.00,0.00,0.00,0.00,0.0,0.0,0.0,0.0,0.00,0.00,0.00,0.00,0.00,Matches,Diego-Llorente,bba30585
180,Hugo Lloris,fr FRA,GK,Tottenham,34-257,1986,3,3,270,3.0,0,0,0,0,0,0,0,0.00,0.00,0.00,0.00,0.00,0.0,0.0,0.1,0.1,0.00,0.03,0.03,0.00,0.03,Matches,Hugo-Lloris,8f62b6ee
181,Giovani Lo Celso,ar ARG,FW,Tottenham,25-153,1996,2,0,38,0.4,0,0,0,0,0,0,0,0.00,0.00,0.00,0.00,0.00,0.0,0.0,0.1,0.1,0.00,0.21,0.21,0.00,0.21,Matches,Giovani-Lo-Celso,d7553721
182,Sean Longstaff,eng ENG,MF,Newcastle Utd,23-314,1997,3,1,142,1.6,0,0,0,0,0,0,0,0.00,0.00,0.00,0.00,0.00,0.0,0.0,0.2,0.2,0.01,0.11,0.12,0.01,0.12,Matches,Sean-Longstaff,a2b105e0
183,Imran Louza,fr FRA,MF,Watford,22-131,1999,1,1,45,0.5,0,0,0,0,0,0,0,0.00,0.00,0.00,0.00,0.00,0.0,0.0,0.0,0.0,0.00,0.00,0.00,0.00,0.00,Matches,Imran-Louza,e1df6989
184,Matthew Lowton,eng ENG,DF,Burnley,32-092,1989,3,3,270,3.0,0,1,0,0,0,0,0,0.00,0.33,0.33,0.00,0.33,0.1,0.1,0.2,0.3,0.03,0.06,0.09,0.03,0.09,Matches,Matthew-Lowton,9a9c05db
185,Douglas Luiz,br BRA,MF,Aston Villa,23-123,1998,2,2,177,2.0,0,0,0,0,0,1,0,0.00,0.00,0.00,0.00,0.00,0.0,0.0,0.0,0.1,0.02,0.02,0.04,0.02,0.04,Matches,Douglas-Luiz,6f7d826d
186,Romelu Lukaku,be BEL,FW,Chelsea,28-119,1993,2,2,180,2.0,1,0,1,0,0,0,0,0.50,0.00,0.50,0.50,0.50,1.7,1.7,0.8,2.5,0.87,0.40,1.27,0.87,1.27,Matches,Romelu-Lukaku,5eae500a
187,Alexis Mac Allister,ar ARG,"FW,MF",Brighton,22-259,1998,3,2,150,1.7,1,0,1,0,0,0,0,0.60,0.00,0.60,0.60,0.60,0.7,0.7,0.1,0.8,0.45,0.04,0.49,0.45,0.49,Matches,Alexis-Mac-Allister,83d074ff
188,James Maddison,eng ENG,"MF,FW",Leicester City,24-290,1996,3,3,226,2.5,0,0,0,0,0,0,0,0.00,0.00,0.00,0.00,0.00,0.4,0.4,0.3,0.7,0.15,0.13,0.28,0.15,0.28,Matches,James-Maddison,ee38d9c5
189,Harry Maguire,eng ENG,DF,Manchester Utd,28-188,1993,3,3,270,3.0,0,0,0,0,0,1,0,0.00,0.00,0.00,0.00,0.00,0.4,0.4,0.0,0.4,0.12,0.00,0.12,0.12,0.12,Matches,Harry-Maguire,d8931174
190,Riyad Mahrez,dz ALG,FW,Manchester City,30-200,1991,3,1,124,1.4,1,1,1,0,0,0,0,0.73,0.73,1.45,0.73,1.45,1.1,1.1,0.8,1.9,0.83,0.58,1.41,0.83,1.41,Matches,Riyad-Mahrez,892d5bb1
191,Ainsley Maitland-Niles,eng ENG,MF,Arsenal,24-011,1997,1,0,20,0.2,0,0,0,0,0,0,0,0.00,0.00,0.00,0.00,0.00,0.0,0.0,0.0,0.0,0.00,0.00,0.00,0.00,0.00,Matches,Ainsley-Maitland-Niles,e3a5814e
192,Sadio Mané,sn SEN,FW,Liverpool,29-152,1992,3,3,270,3.0,1,0,1,0,0,0,0,0.33,0.00,0.33,0.33,0.33,1.9,1.9,0.4,2.3,0.64,0.12,0.76,0.64,0.76,Matches,Sadio-Mane,c691bfe2
193,Fernando Marçal,br BRA,DF,Wolves,32-202,1989,3,3,270,3.0,0,0,0,0,0,1,0,0.00,0.00,0.00,0.00,0.00,0.0,0.0,0.1,0.1,0.01,0.03,0.04,0.01,0.04,Matches,Fernando-Marcal,9ae9eaea
194,Solly March,eng ENG,"DF,MF",Brighton,27-051,1994,2,2,180,2.0,0,0,0,0,0,1,0,0.00,0.00,0.00,0.00,0.00,0.1,0.1,0.1,0.2,0.03,0.06,0.09,0.03,0.09,Matches,Solly-March,bb5fbd2b
195,Pablo Marí,es ESP,DF,Arsenal,28-009,1993,2,2,180,2.0,0,0,0,0,0,1,0,0.00,0.00,0.00,0.00,0.00,0.3,0.3,0.1,0.4,0.15,0.05,0.21,0.15,0.21,Matches,Pablo-Mari,aa54ec6f
196,Anthony Martial,fr FRA,FW,Manchester Utd,25-278,1995,3,1,93,1.0,0,0,0,0,0,0,0,0.00,0.00,0.00,0.00,0.00,0.1,0.1,0.0,0.1,0.09,0.00,0.09,0.09,0.09,Matches,Anthony-Martial,8b788c01
197,Martinelli,br BRA,FW,Arsenal,20-083,2001,2,2,148,1.6,0,0,0,0,0,0,0,0.00,0.00,0.00,0.00,0.00,0.1,0.1,0.1,0.2,0.08,0.04,0.12,0.08,0.12,Matches,Martinelli,48a5a5d6
198,Emiliano Martínez,ar ARG,GK,Aston Villa,29-007,1992,3,3,270,3.0,0,0,0,0,0,1,0,0.00,0.00,0.00,0.00,0.00,0.0,0.0,0.0,0.0,0.00,0.00,0.00,0.00,0.00,Matches,Emiliano-Martinez,7956236f
199,Adam Masina,ma MAR,DF,Watford,27-250,1994,3,3,270,3.0,0,0,0,0,0,0,0,0.00,0.00,0.00,0.00,0.00,0.0,0.0,0.0,0.0,0.00,0.00,0.00,0.00,0.00,Matches,Adam-Masina,de0f152c
200,Jean-Philippe Mateta,fr FRA,FW,Crystal Palace,24-073,1997,1,1,56,0.6,0,0,0,0,0,0,0,0.00,0.00,0.00,0.00,0.00,0.0,0.0,0.0,0.0,0.00,0.00,0.00,0.00,0.00,Matches,Jean-Philippe-Mateta,50e6dc35
201,Nemanja Matić,rs SRB,MF,Manchester Utd,33-039,1988,2,1,107,1.2,0,0,0,0,0,0,0,0.00,0.00,0.00,0.00,0.00,0.1,0.1,0.0,0.1,0.04,0.00,0.04,0.04,0.04,Matches,Nemanja-Matic,eb7822d7
202,Joël Matip,cm CMR,DF,Liverpool,30-032,1991,3,3,270,3.0,0,0,0,0,0,0,0,0.00,0.00,0.00,0.00,0.00,1.1,1.1,0.0,1.1,0.37,0.00,0.37,0.37,0.37,Matches,Joel-Matip,b217ef29
203,Neal Maupay,fr FRA,FW,Brighton,25-026,1996,3,3,225,2.5,2,0,2,0,0,1,0,0.80,0.00,0.80,0.80,0.80,1.1,1.1,0.2,1.4,0.45,0.09,0.54,0.45,0.54,Matches,Neal-Maupay,4bcf39f6
204,Bryan Mbeumo,fr FRA,FW,Brentford,22-033,1999,3,3,240,2.7,0,0,0,0,0,0,0,0.00,0.00,0.00,0.00,0.00,0.7,0.7,0.5,1.3,0.27,0.20,0.48,0.27,0.48,Matches,Bryan-Mbeumo,6afaebf2
205,James McArthur,sct SCO,MF,Crystal Palace,33-337,1987,3,3,267,3.0,0,0,0,0,0,0,0,0.00,0.00,0.00,0.00,0.00,0.1,0.1,0.1,0.2,0.02,0.03,0.05,0.02,0.05,Matches,James-McArthur,cee31595
206,Alex McCarthy,eng ENG,GK,Southampton,31-280,1989,3,3,270,3.0,0,0,0,0,0,0,0,0.00,0.00,0.00,0.00,0.00,0.0,0.0,0.0,0.0,0.00,0.00,0.00,0.00,0.00,Matches,Alex-McCarthy,36c2ca73
207,John McGinn,sct SCO,MF,Aston Villa,26-326,1994,2,2,180,2.0,1,0,1,0,0,0,0,0.50,0.00,0.50,0.50,0.50,0.1,0.1,0.1,0.3,0.07,0.07,0.14,0.07,0.14,Matches,John-McGinn,90f91999
208,Kenny McLean,sct SCO,MF,Norwich City,29-244,1992,2,1,135,1.5,0,0,0,0,0,0,0,0.00,0.00,0.00,0.00,0.00,0.2,0.2,0.0,0.2,0.10,0.00,0.10,0.10,0.10,Matches,Kenny-McLean,471f16b3
209,Dwight McNeil,eng ENG,MF,Burnley,21-291,1999,3,3,258,2.9,0,0,0,0,0,0,0,0.00,0.00,0.00,0.00,0.00,0.1,0.1,0.5,0.6,0.04,0.18,0.22,0.04,0.22,Matches,Dwight-McNeil,fc15fb84
210,Scott McTominay,sct SCO,MF,Manchester Utd,24-275,1996,2,1,83,0.9,0,0,0,0,0,0,0,0.00,0.00,0.00,0.00,0.00,0.1,0.1,0.0,0.1,0.08,0.03,0.11,0.08,0.11,Matches,Scott-McTominay,d93c2511
211,Ben Mee,eng ENG,DF,Burnley,31-351,1989,3,3,270,3.0,0,0,0,0,0,1,0,0.00,0.00,0.00,0.00,0.00,0.2,0.2,0.0,0.2,0.06,0.01,0.07,0.06,0.07,Matches,Ben-Mee,8df7a2fb
212,Benjamin Mendy,fr FRA,DF,Manchester City,27-054,1994,1,1,78,0.9,0,0,0,0,0,0,0,0.00,0.00,0.00,0.00,0.00,0.0,0.0,0.3,0.3,0.00,0.30,0.30,0.00,0.30,Matches,Benjamin-Mendy,5271c8f1
213,Edouard Mendy,sn SEN,GK,Chelsea,29-192,1992,3,3,270,3.0,0,0,0,0,0,1,0,0.00,0.00,0.00,0.00,0.00,0.0,0.0,0.0,0.0,0.00,0.00,0.00,0.00,0.00,Matches,Edouard-Mendy,33887998
214,Illan Meslier,fr FRA,GK,Leeds United,21-191,2000,3,3,270,3.0,0,0,0,0,0,0,0,0.00,0.00,0.00,0.00,0.00,0.0,0.0,0.0,0.0,0.00,0.00,0.00,0.00,0.00,Matches,Illan-Meslier,6b625ac2
215,James Milner,eng ENG,MF,Liverpool,35-248,1986,1,1,90,1.0,0,0,0,0,0,1,0,0.00,0.00,0.00,0.00,0.00,0.0,0.0,0.0,0.0,0.00,0.00,0.00,0.00,0.00,Matches,James-Milner,2f90f6b8
216,Yerry Mina,co COL,DF,Everton,26-351,1994,2,1,98,1.1,0,0,0,0,0,1,0,0.00,0.00,0.00,0.00,0.00,0.0,0.0,0.0,0.0,0.00,0.00,0.00,0.00,0.00,Matches,Yerry-Mina,6d5701f2
217,Tyrone Mings,eng ENG,DF,Aston Villa,28-180,1993,2,2,180,2.0,0,1,0,0,0,1,0,0.00,0.50,0.50,0.00,0.50,0.2,0.2,0.0,0.2,0.08,0.02,0.10,0.08,0.10,Matches,Tyrone-Mings,8397a50c
218,Tyrick Mitchell,eng ENG,DF,Crystal Palace,22-008,1999,3,3,270,3.0,0,0,0,0,0,0,0,0.00,0.00,0.00,0.00,0.00,0.0,0.0,0.0,0.0,0.00,0.01,0.01,0.00,0.01,Matches,Tyrick-Mitchell,5cbd1eb0
219,Jakub Moder,pl POL,"MF,DF",Brighton,22-155,1999,3,1,102,1.1,0,1,0,0,0,0,0,0.00,0.88,0.88,0.00,0.88,0.2,0.2,0.4,0.6,0.17,0.38,0.56,0.17,0.56,Matches,Jakub-Moder,f230bc30
220,Wesley Moraes,br BRA,FW,Aston Villa,24-287,1996,1,0,1,0.0,0,0,0,0,0,0,0,0.00,0.00,0.00,0.00,0.00,0.0,0.0,0.0,0.0,0.00,0.00,0.00,0.00,0.00,Matches,Wesley-Moraes,bfae110f
221,Mason Mount,eng ENG,"MF,FW",Chelsea,22-242,1999,3,3,261,2.9,0,1,0,0,0,0,0,0.00,0.34,0.34,0.00,0.34,0.8,0.8,0.9,1.7,0.26,0.31,0.57,0.26,0.57,Matches,Mason-Mount,9674002f
222,Lucas Moura,br BRA,FW,Tottenham,29-027,1992,3,2,179,2.0,0,0,0,0,0,1,0,0.00,0.00,0.00,0.00,0.00,0.5,0.5,0.2,0.6,0.23,0.08,0.31,0.23,0.31,Matches,Lucas-Moura,2b622f01
223,João Moutinho,pt POR,MF,Wolves,35-001,1986,3,3,226,2.5,0,0,0,0,0,0,0,0.00,0.00,0.00,0.00,0.00,0.3,0.3,0.6,0.9,0.10,0.24,0.34,0.10,0.34,Matches,Joao-Moutinho,f5a00fa4
224,Bali Mumba,eng ENG,DF,Norwich City,19-336,2001,1,0,45,0.5,0,0,0,0,0,0,0,0.00,0.00,0.00,0.00,0.00,0.0,0.0,0.0,0.0,0.00,0.00,0.00,0.00,0.00,Matches,Bali-Mumba,2d760d7b
225,Jacob Murphy,eng ENG,DF,Newcastle Utd,26-197,1995,3,3,270,3.0,1,1,1,0,0,1,0,0.33,0.33,0.67,0.33,0.67,0.2,0.2,0.6,0.8,0.06,0.20,0.26,0.06,0.26,Matches,Jacob-Murphy,de112b84
226,Enoch Mwepu,zm ZAM,"MF,FW",Brighton,23-251,1998,2,1,64,0.7,0,0,0,0,0,1,0,0.00,0.00,0.00,0.00,0.00,0.0,0.0,0.0,0.1,0.04,0.05,0.09,0.04,0.09,Matches,Enoch-Mwepu,1d5cab82
227,Marvelous Nakamba,zw ZIM,MF,Aston Villa,27-233,1994,2,1,118,1.3,0,0,0,0,0,0,0,0.00,0.00,0.00,0.00,0.00,0.0,0.0,0.0,0.0,0.00,0.00,0.00,0.00,0.00,Matches,Marvelous-Nakamba,de5b5570
228,Wilfred Ndidi,ng NGA,MF,Leicester City,24-267,1996,3,3,270,3.0,0,0,0,0,0,0,0,0.00,0.00,0.00,0.00,0.00,0.0,0.0,0.0,0.0,0.00,0.00,0.00,0.00,0.00,Matches,Wilfred-Ndidi,6b47c5db
229,Reiss Nelson,eng ENG,FW,Arsenal,21-273,1999,1,0,20,0.2,0,0,0,0,0,0,0,0.00,0.00,0.00,0.00,0.00,0.0,0.0,0.0,0.1,0.16,0.18,0.35,0.16,0.35,Matches,Reiss-Nelson,c5bdb6e3
230,Rúben Neves,pt POR,MF,Wolves,24-180,1997,3,3,270,3.0,0,0,0,0,0,1,0,0.00,0.00,0.00,0.00,0.00,0.2,0.2,0.8,0.9,0.05,0.25,0.30,0.05,0.30,Matches,Ruben-Neves,44bfb6c5
231,Jeremy Ngakia,eng ENG,DF,Watford,21-002,2000,1,0,40,0.4,0,0,0,0,0,0,0,0.00,0.00,0.00,0.00,0.00,0.0,0.0,0.0,0.0,0.00,0.00,0.00,0.00,0.00,Matches,Jeremy-Ngakia,3631ad41
232,Mark Noble,eng ENG,FW,West Ham,34-124,1987,1,0,3,0.0,0,0,0,0,0,0,0,0.00,0.00,0.00,0.00,0.00,0.0,0.0,0.0,0.0,0.00,0.00,0.00,0.00,0.00,Matches,Mark-Noble,ff527768
233,Christian Nørgaard,dk DEN,MF,Brentford,27-183,1994,3,3,270,3.0,1,0,1,0,0,2,0,0.33,0.00,0.33,0.33,0.33,0.7,0.7,0.0,0.7,0.23,0.01,0.23,0.23,0.23,Matches,Christian-Norgaard,df0a4c90
234,Angelo Ogbonna,it ITA,DF,West Ham,33-109,1988,3,3,270,3.0,0,0,0,0,0,0,0,0.00,0.00,0.00,0.00,0.00,0.0,0.0,0.0,0.0,0.00,0.00,0.00,0.00,0.00,Matches,Angelo-Ogbonna,74b2cd7e
235,Frank Onyeka,ng NGA,MF,Brentford,23-251,1998,2,2,148,1.6,0,0,0,0,0,0,0,0.00,0.00,0.00,0.00,0.00,0.1,0.1,0.1,0.2,0.09,0.06,0.15,0.09,0.15,Matches,Frank-Onyeka,2944f86f
236,Alex Oxlade-Chamberlain,eng ENG,MF,Liverpool,28-025,1993,1,1,60,0.7,0,0,0,0,0,0,0,0.00,0.00,0.00,0.00,0.00,0.0,0.0,0.0,0.0,0.06,0.00,0.06,0.06,0.06,Matches,Alex-Oxlade-Chamberlain,38c7feef
237,Cole Palmer,eng ENG,MF,Manchester City,19-126,2002,1,0,22,0.2,0,0,0,0,0,0,0,0.00,0.00,0.00,0.00,0.00,0.0,0.0,0.0,0.0,0.00,0.00,0.00,0.00,0.00,Matches,Cole-Palmer,dc7f8a28
238,Emerson Palmieri,it ITA,DF,Chelsea,27-037,1994,1,0,5,0.1,0,0,0,0,0,0,0,0.00,0.00,0.00,0.00,0.00,0.0,0.0,0.0,0.0,0.00,0.00,0.00,0.00,0.00,Matches,Emerson-Palmieri,e0bc6fdc
239,Nicolas Pépé,ci CIV,FW,Arsenal,26-103,1995,2,2,180,2.0,0,0,0,0,0,0,0,0.00,0.00,0.00,0.00,0.00,0.3,0.3,0.2,0.4,0.13,0.08,0.22,0.13,0.22,Matches,Nicolas-Pepe,57e3f0c7
240,Ricardo Pereira,pt POR,DF,Leicester City,27-338,1993,3,3,190,2.1,0,2,0,0,0,1,0,0.00,0.95,0.95,0.00,0.95,0.1,0.1,0.3,0.4,0.04,0.16,0.20,0.04,0.20,Matches,Ricardo-Pereira,75a72a99
241,Ayoze Pérez,es ESP,"FW,MF",Leicester City,28-048,1993,2,2,100,1.1,0,0,0,0,0,0,1,0.00,0.00,0.00,0.00,0.00,0.1,0.1,0.3,0.4,0.09,0.23,0.32,0.09,0.32,Matches,Ayoze-Perez,819aa8e7
242,Romain Perraud,fr FRA,DF,Southampton,23-352,1997,2,2,160,1.8,0,0,0,0,0,0,0,0.00,0.00,0.00,0.00,0.00,0.0,0.0,0.0,0.0,0.00,0.03,0.03,0.00,0.03,Matches,Romain-Perraud,6dfd8f05
243,Kalvin Phillips,eng ENG,MF,Leeds United,25-281,1995,2,2,180,2.0,0,0,0,0,0,1,0,0.00,0.00,0.00,0.00,0.00,0.1,0.1,0.1,0.2,0.03,0.05,0.08,0.03,0.08,Matches,Kalvin-Phillips,4f565d77
244,Jaden Philogene Bidace,eng ENG,FW,Aston Villa,19-114,2002,1,0,5,0.1,0,0,0,0,0,0,0,0.00,0.00,0.00,0.00,0.00,0.0,0.0,0.0,0.0,0.00,0.00,0.00,0.00,0.00,Matches,Jaden-Philogene-Bidace,19f4d211
245,Jordan Pickford,eng ENG,GK,Everton,27-186,1994,3,3,270,3.0,0,0,0,0,0,1,0,0.00,0.00,0.00,0.00,0.00,0.0,0.0,0.0,0.0,0.00,0.01,0.01,0.00,0.01,Matches,Jordan-Pickford,4806ec67
246,Erik Pieters,nl NED,MF,Burnley,33-033,1988,1,0,12,0.1,0,0,0,0,0,0,0,0.00,0.00,0.00,0.00,0.00,0.0,0.0,0.0,0.0,0.00,0.00,0.00,0.00,0.00,Matches,Erik-Pieters,1ef37668
247,Ethan Pinnock,jm JAM,DF,Brentford,28-103,1993,3,3,270,3.0,0,1,0,0,0,0,0,0.00,0.33,0.33,0.00,0.33,0.1,0.1,0.0,0.2,0.05,0.01,0.06,0.05,0.06,Matches,Ethan-Pinnock,e541326e
248,Daniel Podence,pt POR,FW,Wolves,25-323,1995,1,0,21,0.2,0,0,0,0,0,0,0,0.00,0.00,0.00,0.00,0.00,0.0,0.0,0.0,0.0,0.00,0.00,0.00,0.00,0.00,Matches,Daniel-Podence,7fcc71d8
249,Paul Pogba,fr FRA,"FW,MF",Manchester Utd,28-178,1993,3,3,254,2.8,0,5,0,0,0,2,0,0.00,1.77,1.77,0.00,1.77,0.8,0.8,0.9,1.7,0.27,0.33,0.60,0.27,0.60,Matches,Paul-Pogba,867239d3
250,Nick Pope,eng ENG,GK,Burnley,29-143,1992,3,3,270,3.0,0,0,0,0,0,0,0,0.00,0.00,0.00,0.00,0.00,0.0,0.0,0.0,0.0,0.00,0.00,0.00,0.00,0.00,Matches,Nick-Pope,4b40d9ca
251,Teemu Pukki,fi FIN,FW,Norwich City,31-164,1990,3,3,224,2.5,1,0,0,1,1,0,0,0.40,0.00,0.40,0.00,0.00,1.0,0.2,0.1,0.3,0.39,0.02,0.42,0.09,0.11,Matches,Teemu-Pukki,0745b37d
252,Christian Pulisic,us USA,MF,Chelsea,22-356,1998,1,1,81,0.9,1,0,1,0,0,0,0,1.11,0.00,1.11,1.11,1.11,0.4,0.4,0.0,0.4,0.40,0.00,0.40,0.40,0.40,Matches,Christian-Pulisic,1bf33a9a
253,Jesuran Rak Sakyi,eng ENG,MF,Crystal Palace,18-339,2002,1,0,14,0.2,0,0,0,0,0,0,0,0.00,0.00,0.00,0.00,0.00,0.0,0.0,0.0,0.0,0.00,0.00,0.00,0.00,0.00,Matches,Jesuran-Rak-Sakyi,45685411
254,Jacob Ramsey,eng ENG,MF,Aston Villa,20-104,2001,2,1,135,1.5,0,0,0,0,0,0,0,0.00,0.00,0.00,0.00,0.00,0.1,0.1,0.0,0.1,0.05,0.03,0.08,0.05,0.08,Matches,Jacob-Ramsey,1544f145
255,Milot Rashica,xk KVX,"FW,MF",Norwich City,25-073,1996,3,3,256,2.8,0,0,0,0,0,0,0,0.00,0.00,0.00,0.00,0.00,0.2,0.2,0.2,0.4,0.07,0.09,0.15,0.07,0.15,Matches,Milot-Rashica,6c6a3300
256,David Raya,es ESP,GK,Brentford,25-359,1995,3,3,270,3.0,0,0,0,0,0,0,0,0.00,0.00,0.00,0.00,0.00,0.0,0.0,0.0,0.0,0.00,0.00,0.00,0.00,0.00,Matches,David-Raya,98ea5115
257,Nathan Redmond,eng ENG,MF,Southampton,27-187,1994,2,0,41,0.5,0,0,0,0,0,0,0,0.00,0.00,0.00,0.00,0.00,0.0,0.0,0.5,0.5,0.00,1.06,1.06,0.00,1.06,Matches,Nathan-Redmond,ab651565
258,Sergio Reguilón,es ESP,DF,Tottenham,24-267,1996,3,3,270,3.0,0,0,0,0,0,0,0,0.00,0.00,0.00,0.00,0.00,0.0,0.0,0.1,0.1,0.00,0.03,0.04,0.00,0.04,Matches,Sergio-Reguilon,3353737a
259,Declan Rice,eng ENG,MF,West Ham,22-238,1999,3,3,270,3.0,0,1,0,0,0,1,0,0.00,0.33,0.33,0.00,0.33,0.0,0.0,0.5,0.5,0.01,0.15,0.16,0.01,0.16,Matches,Declan-Rice,1c7012b8
260,Taylor Richards,eng ENG,MF,Brighton,20-279,2000,1,0,18,0.2,0,0,0,0,0,0,0,0.00,0.00,0.00,0.00,0.00,0.0,0.0,0.0,0.0,0.19,0.00,0.19,0.19,0.19,Matches,Taylor-Richards,e0243d23
261,Richarlison,br BRA,"MF,FW",Everton,24-122,1997,3,3,268,3.0,1,1,1,0,0,2,0,0.34,0.34,0.67,0.34,0.67,0.8,0.8,1.0,1.8,0.26,0.33,0.59,0.26,0.59,Matches,Richarlison,fa031b34
262,Jaïro Riedewald,nl NED,MF,Crystal Palace,25-000,1996,1,1,76,0.8,0,0,0,0,0,0,0,0.00,0.00,0.00,0.00,0.00,0.0,0.0,0.0,0.0,0.00,0.00,0.00,0.00,0.00,Matches,Jairo-Riedewald,7a1f2c08
263,Matt Ritchie,sct SCO,DF,Newcastle Utd,31-364,1989,3,3,270,3.0,0,1,0,0,0,0,0,0.00,0.33,0.33,0.00,0.33,0.1,0.1,0.6,0.6,0.02,0.19,0.21,0.02,0.21,Matches,Matt-Ritchie,71ef519e
264,Tyler Roberts,wls WAL,"MF,FW",Leeds United,22-240,1999,3,0,63,0.7,0,0,0,0,0,0,0,0.00,0.00,0.00,0.00,0.00,0.0,0.0,0.3,0.3,0.03,0.37,0.40,0.03,0.40,Matches,Tyler-Roberts,6c17e046
265,Andrew Robertson,sct SCO,DF,Liverpool,27-182,1994,1,1,85,0.9,0,0,0,0,0,0,0,0.00,0.00,0.00,0.00,0.00,0.0,0.0,0.5,0.5,0.05,0.53,0.58,0.05,0.58,Matches,Andrew-Robertson,2e4f5f03
266,Rodri,es ESP,MF,Manchester City,25-079,1996,2,2,180,2.0,1,0,1,0,0,1,0,0.50,0.00,0.50,0.50,0.50,0.2,0.2,0.1,0.3,0.09,0.05,0.14,0.09,0.14,Matches,Rodri,6434f10d
267,Rodrigo,es ESP,MF,Leeds United,30-187,1991,2,2,117,1.3,0,0,0,0,0,1,0,0.00,0.00,0.00,0.00,0.00,0.0,0.0,0.4,0.4,0.00,0.34,0.34,0.00,0.34,Matches,Rodrigo,1fb1c435
268,Jay Rodriguez,eng ENG,FW,Burnley,32-042,1989,2,1,85,0.9,0,0,0,0,0,0,0,0.00,0.00,0.00,0.00,0.00,0.2,0.2,0.3,0.6,0.26,0.33,0.60,0.26,0.60,Matches,Jay-Rodriguez,4ab53cdb
269,Cristian Romero,ar ARG,MF,Tottenham,23-135,1998,1,0,1,0.0,0,0,0,0,0,0,0,0.00,0.00,0.00,0.00,0.00,0.0,0.0,0.0,0.0,0.00,0.00,0.00,0.00,0.00,Matches,Cristian-Romero,a3d94a58
270,Oriol Romeu,es ESP,MF,Southampton,29-350,1991,3,3,256,2.8,0,0,0,0,0,0,0,0.00,0.00,0.00,0.00,0.00,0.1,0.1,0.0,0.1,0.02,0.01,0.03,0.02,0.03,Matches,Oriol-Romeu,4b511457
271,Antonio Rüdiger,de GER,DF,Chelsea,28-190,1993,3,3,270,3.0,0,0,0,0,0,1,0,0.00,0.00,0.00,0.00,0.00,0.0,0.0,0.0,0.0,0.00,0.00,0.00,0.00,0.00,Matches,Antonio-Rudiger,18b896d6
272,Lukas Rupp,de GER,MF,Norwich City,30-244,1991,3,2,153,1.7,0,0,0,0,0,0,0,0.00,0.00,0.00,0.00,0.00,0.2,0.2,0.1,0.3,0.12,0.05,0.17,0.12,0.17,Matches,Lukas-Rupp,3faa1780
273,José Sá,pt POR,GK,Wolves,28-235,1993,3,3,270,3.0,0,0,0,0,0,0,0,0.00,0.00,0.00,0.00,0.00,0.0,0.0,0.0,0.0,0.00,0.00,0.00,0.00,0.00,Matches,Jose-Sa,903b6e8b
274,Allan Saint-Maximin,fr FRA,FW,Newcastle Utd,24-181,1997,3,3,270,3.0,1,1,1,0,0,1,0,0.33,0.33,0.67,0.33,0.67,0.5,0.5,0.5,1.0,0.17,0.16,0.33,0.17,0.33,Matches,Allan-Saint-Maximin,2b16cb1a
275,Romain Saïss,ma MAR,DF,Wolves,31-167,1990,3,3,263,2.9,0,0,0,0,0,1,0,0.00,0.00,0.00,0.00,0.00,0.6,0.6,0.1,0.7,0.21,0.04,0.24,0.21,0.24,Matches,Romain-Saiss,9fbbcf39
276,Bukayo Saka,eng ENG,FW,Arsenal,20-004,2001,3,2,137,1.5,0,0,0,0,0,0,0,0.00,0.00,0.00,0.00,0.00,0.1,0.1,0.1,0.2,0.09,0.06,0.15,0.09,0.15,Matches,Bukayo-Saka,bc7dc64d
277,Mohamed Salah,eg EGY,FW,Liverpool,29-086,1992,3,3,270,3.0,2,2,1,1,1,0,0,0.67,0.67,1.33,0.33,1.00,1.7,1.0,1.5,2.5,0.57,0.51,1.08,0.32,0.83,Matches,Mohamed-Salah,e342ad68
278,Mohammed Salisu,gh GHA,DF,Southampton,22-145,1999,3,3,270,3.0,0,0,0,0,0,0,0,0.00,0.00,0.00,0.00,0.00,0.0,0.0,0.0,0.1,0.01,0.01,0.03,0.01,0.03,Matches,Mohammed-Salisu,0b33f6ad
279,Albert Sambi Lokonga,be BEL,MF,Arsenal,21-322,1999,2,2,180,2.0,0,0,0,0,0,1,0,0.00,0.00,0.00,0.00,0.00,0.1,0.1,0.1,0.1,0.03,0.03,0.06,0.03,0.06,Matches,Albert-Sambi-Lokonga,1b4f1169
280,Davinson Sánchez,co COL,DF,Tottenham,25-089,1996,3,3,270,3.0,0,0,0,0,0,1,0,0.00,0.00,0.00,0.00,0.00,0.2,0.2,0.0,0.2,0.06,0.00,0.06,0.06,0.06,Matches,Davinson-Sanchez,da7b447d
281,Robert Sánchez,es ESP,GK,Brighton,23-295,1997,3,3,270,3.0,0,0,0,0,0,0,0,0.00,0.00,0.00,0.00,0.00,0.0,0.0,0.2,0.2,0.00,0.06,0.06,0.00,0.06,Matches,Robert-Sanchez,6a713852
282,Jadon Sancho,eng ENG,FW,Manchester Utd,21-168,2000,3,1,119,1.3,0,0,0,0,0,0,0,0.00,0.00,0.00,0.00,0.00,0.0,0.0,0.1,0.1,0.00,0.11,0.11,0.00,0.11,Matches,Jadon-Sancho,dbf053da
283,Josh Sargent,us USA,"FW,MF",Norwich City,21-201,2000,3,0,46,0.5,0,0,0,0,0,0,0,0.00,0.00,0.00,0.00,0.00,0.1,0.1,0.1,0.2,0.23,0.15,0.38,0.23,0.38,Matches,Josh-Sargent,a8d4428b
284,Ismaila Sarr,sn SEN,MF,Watford,23-196,1998,3,3,270,3.0,1,0,1,0,0,0,0,0.33,0.00,0.33,0.33,0.33,0.4,0.4,0.5,0.9,0.12,0.17,0.29,0.12,0.29,Matches,Ismaila-Sarr,bfdb33aa
285,Fabian Schär,ch SUI,DF,Newcastle Utd,29-263,1991,2,2,180,2.0,0,0,0,0,0,2,0,0.00,0.00,0.00,0.00,0.00,0.0,0.0,0.0,0.0,0.00,0.00,0.00,0.00,0.00,Matches,Fabian-Schar,c8aa95da
286,Jeffrey Schlupp,gh GHA,"FW,MF",Crystal Palace,28-260,1992,3,2,126,1.4,0,0,0,0,0,0,0,0.00,0.00,0.00,0.00,0.00,0.0,0.0,0.1,0.1,0.03,0.04,0.08,0.03,0.08,Matches,Jeffrey-Schlupp,3312f911
287,Kasper Schmeichel,dk DEN,GK,Leicester City,34-308,1986,3,3,270,3.0,0,0,0,0,0,0,0,0.00,0.00,0.00,0.00,0.00,0.0,0.0,0.0,0.0,0.00,0.00,0.00,0.00,0.00,Matches,Kasper-Schmeichel,53af52f3
288,Ken Sema,se SWE,MF,Watford,27-344,1993,2,2,167,1.9,0,0,0,0,0,1,0,0.00,0.00,0.00,0.00,0.00,0.0,0.0,0.6,0.6,0.02,0.31,0.33,0.02,0.33,Matches,Ken-Sema,1770bd68
289,Nélson Semedo,pt POR,DF,Wolves,27-297,1993,2,2,180,2.0,0,0,0,0,0,0,0,0.00,0.00,0.00,0.00,0.00,0.0,0.0,0.3,0.3,0.02,0.14,0.16,0.02,0.16,Matches,Nelson-Semedo,d04b94db
290,Jamie Shackleton,eng ENG,DF,Leeds United,21-336,1999,2,0,57,0.6,0,0,0,0,0,0,0,0.00,0.00,0.00,0.00,0.00,0.1,0.1,0.0,0.1,0.12,0.04,0.16,0.12,0.16,Matches,Jamie-Shackleton,8d03ca5a
291,Luke Shaw,eng ENG,DF,Manchester Utd,26-059,1995,3,3,270,3.0,0,0,0,0,0,1,0,0.00,0.00,0.00,0.00,0.00,0.0,0.0,0.3,0.4,0.01,0.11,0.12,0.01,0.12,Matches,Luke-Shaw,9c94165b
292,Jonjo Shelvey,eng ENG,MF,Newcastle Utd,29-194,1992,1,1,69,0.8,0,0,0,0,0,1,0,0.00,0.00,0.00,0.00,0.00,0.0,0.0,0.1,0.1,0.00,0.14,0.14,0.00,0.14,Matches,Jonjo-Shelvey,3727dd3c
293,Francisco Sierralta,cl CHI,DF,Watford,24-126,1997,1,1,90,1.0,0,0,0,0,0,0,0,0.00,0.00,0.00,0.00,0.00,0.0,0.0,0.0,0.0,0.00,0.00,0.00,0.00,0.00,Matches,Francisco-Sierralta,0f933743
294,Bernardo Silva,pt POR,MF,Manchester City,27-030,1994,2,2,147,1.6,0,0,0,0,0,0,0,0.00,0.00,0.00,0.00,0.00,0.1,0.1,0.0,0.1,0.08,0.00,0.08,0.08,0.08,Matches,Bernardo-Silva,3eb22ec9
295,Fábio Silva,pt POR,"DF,MF",Wolves,19-052,2002,3,0,12,0.1,0,0,0,0,0,0,0,0.00,0.00,0.00,0.00,0.00,0.0,0.0,0.0,0.0,0.25,0.00,0.25,0.25,0.25,Matches,Fabio-Silva,e7aa9d7c
296,Thiago Silva,br BRA,DF,Chelsea,36-352,1984,1,0,45,0.5,0,0,0,0,0,0,0,0.00,0.00,0.00,0.00,0.00,0.0,0.0,0.0,0.0,0.00,0.00,0.00,0.00,0.00,Matches,Thiago-Silva,86e7deaf
297,Moussa Sissoko,fr FRA,MF,Watford,32-024,1989,1,1,70,0.8,0,0,0,0,0,1,0,0.00,0.00,0.00,0.00,0.00,0.1,0.1,0.3,0.3,0.09,0.35,0.43,0.09,0.43,Matches,Moussa-Sissoko,2acd49b9
298,Oliver Skipp,eng ENG,MF,Tottenham,20-358,2000,3,3,270,3.0,0,0,0,0,0,2,0,0.00,0.00,0.00,0.00,0.00,0.0,0.0,0.0,0.0,0.00,0.00,0.00,0.00,0.00,Matches,Oliver-Skipp,6250083a
299,Emile Smith-Rowe,eng ENG,"MF,FW",Arsenal,21-043,2000,3,3,270,3.0,0,0,0,0,0,0,0,0.00,0.00,0.00,0.00,0.00,0.2,0.2,0.4,0.6,0.08,0.13,0.21,0.08,0.21,Matches,Emile-Smith-Rowe,17695062
300,Cédric Soares,pt POR,DF,Arsenal,30-009,1991,2,2,180,2.0,0,0,0,0,0,1,0,0.00,0.00,0.00,0.00,0.00,0.0,0.0,0.1,0.1,0.00,0.05,0.05,0.00,0.05,Matches,Cedric-Soares,839c14e1
301,Tomáš Souček,cz CZE,MF,West Ham,26-194,1995,3,3,270,3.0,1,0,1,0,0,0,0,0.33,0.00,0.33,0.33,0.33,0.9,0.5,0.0,0.5,0.29,0.00,0.29,0.16,0.16,Matches,Tomas-Soucek,6613c819
302,Boubakary Soumaré,fr FRA,MF,Leicester City,22-194,1999,2,0,39,0.4,0,0,0,0,0,0,0,0.00,0.00,0.00,0.00,0.00,0.0,0.0,0.0,0.0,0.00,0.00,0.00,0.00,0.00,Matches,Boubakary-Soumare,ae59b359
303,Çağlar Söyüncü,tr TUR,DF,Leicester City,25-109,1996,3,3,270,3.0,0,0,0,0,0,0,0,0.00,0.00,0.00,0.00,0.00,0.0,0.0,0.0,0.0,0.00,0.00,0.00,0.00,0.00,Matches,Caglar-Soyuncu,21166ff4
304,Jack Stephens,eng ENG,DF,Southampton,27-225,1994,3,3,270,3.0,0,0,0,0,0,1,0,0.00,0.00,0.00,0.00,0.00,0.0,0.0,0.2,0.2,0.00,0.06,0.06,0.00,0.06,Matches,Jack-Stephens,6adbc307
305,Raheem Sterling,eng ENG,"FW,MF",Manchester City,26-275,1994,3,1,132,1.5,1,0,1,0,0,0,0,0.68,0.00,0.68,0.68,0.68,1.3,1.3,0.1,1.4,0.87,0.06,0.94,0.87,0.94,Matches,Raheem-Sterling,b400bde0
306,Pascal Struijk,nl NED,DF,Leeds United,22-029,1999,3,3,270,3.0,0,0,0,0,0,1,0,0.00,0.00,0.00,0.00,0.00,0.0,0.0,0.0,0.0,0.02,0.00,0.02,0.02,0.02,Matches,Pascal-Struijk,f4d296e4
307,Japhet Tanganga,eng ENG,DF,Tottenham,22-162,1999,3,3,262,2.9,0,0,0,0,0,1,0,0.00,0.00,0.00,0.00,0.00,0.1,0.1,0.4,0.5,0.02,0.13,0.16,0.02,0.16,Matches,Japhet-Tanganga,e9971f2d
308,Matt Targett,eng ENG,DF,Aston Villa,25-356,1995,2,2,135,1.5,0,0,0,0,0,0,0,0.00,0.00,0.00,0.00,0.00,0.0,0.0,0.0,0.0,0.00,0.01,0.01,0.00,0.01,Matches,Matt-Targett,e514ab62
309,James Tarkowski,eng ENG,DF,Burnley,28-294,1992,3,3,270,3.0,1,0,1,0,0,1,0,0.33,0.00,0.33,0.33,0.33,0.6,0.6,0.0,0.6,0.21,0.00,0.21,0.21,0.21,Matches,James-Tarkowski,15ea812b
310,Nuno Tavares,pt POR,DF,Arsenal,21-226,2000,2,0,35,0.4,0,0,0,0,0,0,0,0.00,0.00,0.00,0.00,0.00,0.0,0.0,0.0,0.0,0.05,0.00,0.05,0.05,0.05,Matches,Nuno-Tavares,a65c844b
311,Charlie Taylor,eng ENG,DF,Burnley,27-356,1993,3,3,270,3.0,0,0,0,0,0,0,0,0.00,0.00,0.00,0.00,0.00,0.0,0.0,0.1,0.1,0.00,0.05,0.05,0.00,0.05,Matches,Charlie-Taylor,cc2d7ad5
312,Nathan Tella,eng ENG,MF,Southampton,22-066,1999,1,0,11,0.1,0,0,0,0,0,0,0,0.00,0.00,0.00,0.00,0.00,0.0,0.0,0.0,0.0,0.00,0.00,0.00,0.00,0.00,Matches,Nathan-Tella,f1e94cd6
313,Luke Thomas,eng ENG,DF,Leicester City,20-091,2001,3,3,270,3.0,0,0,0,0,0,0,0,0.00,0.00,0.00,0.00,0.00,0.0,0.0,0.0,0.0,0.00,0.01,0.01,0.00,0.01,Matches,Luke-Thomas,fc027d02
314,Youri Tielemans,be BEL,MF,Leicester City,24-125,1997,3,3,270,3.0,1,0,1,0,0,0,0,0.33,0.00,0.33,0.33,0.33,0.6,0.6,0.2,0.8,0.21,0.08,0.28,0.21,0.28,Matches,Youri-Tielemans,56f7a928
315,Kieran Tierney,sct SCO,DF,Arsenal,24-096,1997,3,3,245,2.7,0,0,0,0,0,0,0,0.00,0.00,0.00,0.00,0.00,0.1,0.1,0.7,0.8,0.05,0.26,0.31,0.05,0.31,Matches,Kieran-Tierney,fce2302c
316,Ivan Toney,eng ENG,FW,Brentford,25-177,1996,3,3,270,3.0,1,0,1,0,0,1,0,0.33,0.00,0.33,0.33,0.33,1.0,1.0,0.1,1.0,0.32,0.03,0.35,0.32,0.35,Matches,Ivan-Toney,e09f279b
317,Ferrán Torres,es ESP,FW,Manchester City,21-192,2000,3,3,240,2.7,2,1,2,0,0,0,0,0.75,0.37,1.13,0.75,1.13,1.7,1.7,0.0,1.7,0.64,0.01,0.66,0.64,0.66,Matches,Ferran-Torres,9e1035f8
318,Andros Townsend,eng ENG,"MF,FW",Everton,30-055,1991,3,2,175,1.9,0,1,0,0,0,0,0,0.00,0.51,0.51,0.00,0.51,0.1,0.1,0.8,0.9,0.06,0.39,0.45,0.06,0.45,Matches,Andros-Townsend,b28bbd58
319,Adama Traoré,es ESP,FW,Wolves,25-227,1996,3,3,266,3.0,0,0,0,0,0,0,0,0.00,0.00,0.00,0.00,0.00,1.2,1.2,0.7,1.9,0.40,0.23,0.63,0.40,0.63,Matches,Adama-Traore,9a28eba4
320,Bertrand Traoré,bf BFA,MF,Aston Villa,26-003,1995,1,0,19,0.2,0,0,0,0,0,0,0,0.00,0.00,0.00,0.00,0.00,0.0,0.0,0.0,0.0,0.21,0.00,0.21,0.21,0.21,Matches,Bertrand-Traore,c47541e0
321,Francisco Trincão,pt POR,FW,Wolves,21-254,1999,3,3,237,2.6,0,0,0,0,0,0,0,0.00,0.00,0.00,0.00,0.00,1.0,1.0,0.2,1.1,0.37,0.06,0.43,0.37,0.43,Matches,Francisco-Trincao,77e39b04
322,William Troost-Ekong,ng NGA,DF,Watford,28-008,1993,3,3,270,3.0,0,0,0,0,0,0,0,0.00,0.00,0.00,0.00,0.00,0.0,0.0,0.0,0.0,0.00,0.00,0.00,0.00,0.00,Matches,William-Troost-Ekong,7ed4921e
323,Leandro Trossard,be BEL,"MF,FW",Brighton,26-279,1994,3,3,236,2.6,0,0,0,0,0,0,0,0.00,0.00,0.00,0.00,0.00,0.4,0.4,0.0,0.5,0.17,0.01,0.19,0.17,0.19,Matches,Leandro-Trossard,38ceb24a
324,Kostas Tsimikas,gr GRE,DF,Liverpool,25-120,1996,3,2,184,2.0,0,1,0,0,0,0,0,0.00,0.49,0.49,0.00,0.49,0.1,0.1,0.4,0.5,0.06,0.20,0.25,0.06,0.25,Matches,Kostas-Tsimikas,f315ca93
325,Axel Tuanzebe,eng ENG,DF,Aston Villa,23-299,1997,2,1,93,1.0,0,0,0,0,0,0,0,0.00,0.00,0.00,0.00,0.00,0.1,0.1,0.0,0.1,0.06,0.00,0.06,0.06,0.06,Matches,Axel-Tuanzebe,2baec6ce
326,Raphaël Varane,fr FRA,DF,Manchester Utd,28-137,1993,1,1,90,1.0,0,1,0,0,0,0,0,0.00,1.00,1.00,0.00,1.00,0.0,0.0,0.0,0.0,0.00,0.03,0.03,0.00,0.03,Matches,Raphael-Varane,9f8e9423
327,Jamie Vardy,eng ENG,FW,Leicester City,34-241,1987,3,3,260,2.9,2,1,2,0,0,1,0,0.69,0.35,1.04,0.69,1.04,1.3,1.3,0.2,1.4,0.44,0.06,0.50,0.44,0.50,Matches,Jamie-Vardy,45963054
328,Joël Veltman,nl NED,DF,Brighton,29-237,1992,1,0,45,0.5,0,0,0,0,0,0,0,0.00,0.00,0.00,0.00,0.00,0.1,0.1,0.2,0.3,0.10,0.45,0.55,0.10,0.55,Matches,Joel-Veltman,dad4b285
329,Jannik Vestergaard,dk DEN,DF,Leicester City,29-037,1992,1,0,29,0.3,0,0,0,0,0,0,0,0.00,0.00,0.00,0.00,0.00,0.0,0.0,0.0,0.0,0.00,0.00,0.00,0.00,0.00,Matches,Jannik-Vestergaard,1900032e
330,Matěj Vydra,cz CZE,"FW,MF",Burnley,29-131,1992,2,0,18,0.2,0,0,0,0,0,0,0,0.00,0.00,0.00,0.00,0.00,0.2,0.2,0.0,0.2,0.89,0.00,0.89,0.89,0.89,Matches,Matej-Vydra,0d4ceb32
331,Theo Walcott,eng ENG,MF,Southampton,32-177,1989,2,2,124,1.4,0,0,0,0,0,0,0,0.00,0.00,0.00,0.00,0.00,0.0,0.0,0.0,0.0,0.00,0.00,0.00,0.00,0.00,Matches,Theo-Walcott,1ecb65be
332,Kyle Walker,eng ENG,DF,Manchester City,31-104,1990,2,2,135,1.5,0,0,0,0,0,0,0,0.00,0.00,0.00,0.00,0.00,0.0,0.0,0.0,0.0,0.02,0.00,0.02,0.02,0.02,Matches,Kyle-Walker,86dd77d1
333,Kyle Walker-Peters,eng ENG,DF,Southampton,24-149,1997,2,1,102,1.1,0,0,0,0,0,1,0,0.00,0.00,0.00,0.00,0.00,0.0,0.0,0.0,0.1,0.03,0.03,0.07,0.03,0.07,Matches,Kyle-Walker-Peters,984a5a64
334,Aaron Wan-Bissaka,eng ENG,DF,Manchester Utd,23-287,1997,3,3,270,3.0,0,0,0,0,0,0,0,0.00,0.00,0.00,0.00,0.00,0.0,0.0,0.1,0.1,0.00,0.03,0.03,0.00,0.03,Matches,Aaron-Wan-Bissaka,9e525177
335,Joel Ward,eng ENG,DF,Crystal Palace,31-315,1989,3,3,270,3.0,0,0,0,0,0,1,0,0.00,0.00,0.00,0.00,0.00,0.0,0.0,0.1,0.1,0.00,0.04,0.04,0.00,0.04,Matches,Joel-Ward,8a7ff278
336,James Ward-Prowse,eng ENG,MF,Southampton,26-312,1994,3,3,270,3.0,1,0,0,1,1,1,0,0.33,0.00,0.33,0.00,0.00,1.0,0.2,0.5,0.7,0.33,0.16,0.50,0.08,0.24,Matches,James-Ward-Prowse,3515d404
337,Ollie Watkins,eng ENG,FW,Aston Villa,25-253,1995,1,0,12,0.1,0,0,0,0,0,0,0,0.00,0.00,0.00,0.00,0.00,0.1,0.1,0.0,0.1,0.51,0.00,0.51,0.51,0.51,Matches,Ollie-Watkins,aed3a70f
338,Adam Webster,eng ENG,DF,Brighton,26-248,1995,3,3,270,3.0,0,0,0,0,0,1,0,0.00,0.00,0.00,0.00,0.00,0.0,0.0,0.0,0.0,0.01,0.00,0.01,0.01,0.01,Matches,Adam-Webster,c40b6180
339,Danny Welbeck,eng ENG,FW,Brighton,30-287,1990,1,0,32,0.4,0,0,0,0,0,0,0,0.00,0.00,0.00,0.00,0.00,0.0,0.0,0.0,0.0,0.00,0.00,0.00,0.00,0.00,Matches,Danny-Welbeck,ce5143da
340,Timo Werner,de GER,FW,Chelsea,25-187,1996,2,1,91,1.0,0,0,0,0,0,0,0,0.00,0.00,0.00,0.00,0.00,0.1,0.1,0.0,0.1,0.11,0.03,0.15,0.11,0.15,Matches,Timo-Werner,49fe9070
341,Ashley Westwood,eng ENG,MF,Burnley,31-161,1990,2,2,180,2.0,0,1,0,0,0,0,0,0.00,0.50,0.50,0.00,0.50,0.0,0.0,0.4,0.4,0.00,0.20,0.20,0.00,0.20,Matches,Ashley-Westwood,495945ef
342,Ben White,eng ENG,DF,Arsenal,23-336,1997,1,1,90,1.0,0,0,0,0,0,0,0,0.00,0.00,0.00,0.00,0.00,0.0,0.0,0.0,0.0,0.00,0.00,0.00,0.00,0.00,Matches,Ben-White,35e413f1
343,Brandon Williams,eng ENG,DF,Norwich City,21-006,2000,1,1,90,1.0,0,0,0,0,0,0,0,0.00,0.00,0.00,0.00,0.00,0.0,0.0,0.0,0.0,0.00,0.00,0.00,0.00,0.00,Matches,Brandon-Williams,5e74d6c8
344,Joe Willock,eng ENG,MF,Newcastle Utd,22-020,1999,2,2,172,1.9,0,0,0,0,0,0,0,0.00,0.00,0.00,0.00,0.00,0.0,0.0,0.0,0.0,0.00,0.01,0.01,0.00,0.01,Matches,Joe-Willock,a3b03921
345,Callum Wilson,eng ENG,FW,Newcastle Utd,29-194,1992,3,3,242,2.7,2,0,2,0,0,1,0,0.74,0.00,0.74,0.74,0.74,1.8,1.8,0.0,1.8,0.66,0.01,0.67,0.66,0.67,Matches,Callum-Wilson,c596fcb0
346,Harry Winks,eng ENG,MF,Tottenham,25-219,1996,1,0,1,0.0,0,0,0,0,0,0,0,0.00,0.00,0.00,0.00,0.00,0.0,0.0,0.0,0.0,0.00,0.00,0.00,0.00,0.00,Matches,Harry-Winks,2f7acede
347,Yoane Wissa,cd COD,"FW,MF",Brentford,25-006,1996,2,0,39,0.4,0,0,0,0,0,0,0,0.00,0.00,0.00,0.00,0.00,0.0,0.0,0.0,0.0,0.00,0.00,0.00,0.00,0.00,Matches,Yoane-Wissa,2500cef9
348,Chris Wood,nz NZL,FW,Burnley,29-276,1991,3,3,254,2.8,1,0,1,0,0,0,0,0.35,0.00,0.35,0.35,0.35,1.1,1.1,0.1,1.2,0.37,0.05,0.42,0.37,0.42,Matches,Chris-Wood,4e9a0555
349,Freddie Woodman,eng ENG,GK,Newcastle Utd,24-189,1997,3,3,270,3.0,0,0,0,0,0,0,0,0.00,0.00,0.00,0.00,0.00,0.0,0.0,0.0,0.0,0.00,0.00,0.00,0.00,0.00,Matches,Freddie-Woodman,19e50035
350,Granit Xhaka,ch SUI,MF,Arsenal,28-347,1992,3,3,214,2.4,0,0,0,0,0,0,1,0.00,0.00,0.00,0.00,0.00,0.1,0.1,0.1,0.2,0.03,0.04,0.07,0.03,0.07,Matches,Granit-Xhaka,e61b8aee
351,Andriy Yarmolenko,ua UKR,FW,West Ham,31-321,1989,3,0,7,0.1,0,0,0,0,0,0,0,0.00,0.00,0.00,0.00,0.00,0.0,0.0,0.0,0.0,0.46,0.00,0.46,0.46,0.46,Matches,Andriy-Yarmolenko,849c826a
352,Ashley Young,eng ENG,"DF,MF",Aston Villa,36-062,1985,3,3,258,2.9,0,0,0,0,0,0,0,0.00,0.00,0.00,0.00,0.00,0.0,0.0,0.1,0.1,0.01,0.02,0.02,0.01,0.02,Matches,Ashley-Young,be927d03
353,Wilfried Zaha,ci CIV,FW,Crystal Palace,28-303,1992,3,3,270,3.0,0,0,0,0,0,0,0,0.00,0.00,0.00,0.00,0.00,0.2,0.2,0.3,0.5,0.06,0.11,0.18,0.06,0.18,Matches,Wilfried-Zaha,b2bc3b1f
354,Oleksandr Zinchenko,ua UKR,DF,Manchester City,24-268,1996,2,0,57,0.6,0,0,0,0,0,0,0,0.00,0.00,0.00,0.00,0.00,0.0,0.0,0.0,0.0,0.02,0.00,0.02,0.02,0.02,Matches,Oleksandr-Zinchenko,51cf8561
355,Hakim Ziyech,ma MAR,"FW,MF",Chelsea,28-174,1993,1,0,9,0.1,0,0,0,0,0,0,0,0.00,0.00,0.00,0.00,0.00,0.1,0.1,0.0,0.1,0.74,0.00,0.74,0.74,0.74,Matches,Hakim-Ziyech,6622454d
356,Martin Ødegaard,no NOR,MF,Arsenal,22-266,1998,1,1,70,0.8,0,0,0,0,0,0,0,0.00,0.00,0.00,0.00,0.00,0.0,0.0,0.0,0.0,0.00,0.00,0.00,0.00,0.00,Matches,Martin-Odegaard,79300479
